participant_id,day,spo2,heart_rate,systolic_bp,diastolic_bp,respiratory_rate,body_temperature
0,1,95.32989394659556,71.37294389487161,115.44774478583011,80.03718971392166,20.39375754341013,37.00240225420939
0,7,94.00144710295085,79.22234255227617,148.9799339577184,86.19811387669182,15.844437250035769,36.75542833968446
0,14,94.81372107868282,87.13683976369825,122.6065194324645,85.99553988714523,18.524295573130942,36.90400885513213
1,1,99.9922456803124,76.23321805234875,120.76312676418706,69.05117937625842,21.899316198891746,36.50510525929316
1,7,91.78006549911451,70.19693342747708,133.290346256819,84.66557894175142,13.972887030151284,37.35750999059038
1,14,93.70649545173984,62.313152702498634,106.06105426286244,79.85656659171707,22.233041293856605,36.60104786535009
2,1,92.74303608023338,75.2467591936545,127.19015658383104,77.74383524953758,19.862848869966278,36.858044254716674
2,7,94.55274129219825,72.93951459460786,122.4566590853733,75.85049436557965,13.636939126475497,37.03939809807319
2,14,95.09819827201648,73.57731159491958,106.14009134896938,97.37422531145101,19.458102276990605,37.273036472163405
3,1,95.70038700026277,91.85908192773918,125.72987725884667,70.23123906741642,19.214436023155788,37.0837118531089
3,7,91.06780468562157,96.75362815469701,127.47965808914215,80.87507338999688,25.670686764679,36.49921409286017
3,14,89.52555070075634,103.78109546865569,138.01669471524497,95.67359913904448,23.746963948704778,36.478169519667325
4,1,96.38560967233984,53.18804133720984,138.2851256711509,70.73553936576631,19.348675031431146,36.49238674000911
4,7,97.28085923138552,85.1296323781007,133.05587340375897,60.94675954614411,15.597246041921855,36.98137740763822
4,14,96.8241540157644,71.99187724721348,114.07303327392367,73.34819472297288,27.083345135015268,37.006762968422024
5,1,94.27803929676544,78.75148407502041,123.67145326062082,92.05234226325348,19.83587559646731,37.725027058588275
5,7,92.67910054876126,96.64003513654974,119.17708415362016,72.30899042411963,23.152480673140577,36.97838213943961
5,14,90.28277795518447,103.35055321696453,132.1894137563526,79.22947418037508,30.12601049605718,36.949390896755816
6,1,92.56753774439024,89.0305301370369,119.09351057207738,72.52433673628933,15.129679154508878,37.56094921246979
6,7,94.0753255643098,91.80436564254123,130.86117620528162,87.86611498942109,17.524737799691366,37.00301721952819
6,14,87.67210339732559,109.23849054805461,126.15078237395579,77.75055747594709,22.390010039494943,36.65178790202097
7,1,96.6188858620777,70.04002288864353,113.56005885905769,80.34887077088091,22.416291664612697,37.3778701849325
7,7,95.81785462666504,90.64348025376884,125.29761300078134,72.44375646315136,20.306843433601856,37.404107915784024
7,14,97.0042962674961,71.07796745178015,111.11338618309821,82.67444184043507,23.40894008776423,37.34272959429901
8,1,96.2887621344293,65.20445400833,113.05297456174603,92.72451251648845,19.852867400549563,36.77273636086925
8,7,97.72734193950284,86.93947214138947,133.1604687732724,91.7475120851581,25.775203966922625,36.76436368528621
8,14,96.53807875061312,85.70128683775094,124.30521000128026,80.10920190258524,23.794729320923263,36.64270809069211
9,1,98.44162577842802,91.52173870032136,127.94471677733735,84.16604489505382,17.381423700170156,36.87674619804898
9,7,96.3436168255545,100.82570017619503,104.39106756958802,81.86103421280333,20.03180553131552,36.82026343276169
9,14,93.61372129399528,60.67390599711369,114.59764015940318,84.79602318880116,11.255685001515204,36.44323070374374
10,1,94.68029355954359,84.43436171164556,149.7528215710583,64.5673770692796,13.548998575878372,36.8639248154268
10,7,91.74634502833747,74.57466674232575,118.1449002777321,95.89079996163144,28.22160877196276,36.74355832837672
10,14,91.7078601094818,96.90405499696053,130.39921681140174,96.44785273781902,20.968247437684948,36.65345125464059
11,1,96.3728573131606,74.71390906666001,94.19483368772018,76.26485829637556,16.799141991545355,36.34728711226788
11,7,95.05058388727444,63.261907064287556,132.47380965905145,77.47704699564983,18.595335737745113,37.18055972330461
11,14,90.06650840326358,65.70001968061307,124.38220351163729,69.98785236887807,21.360480837044044,36.343837310094024
12,1,96.02767551087445,84.81577379746714,113.68430184929909,79.66702350700542,13.738723537321825,36.697952553337245
12,7,94.0797528607584,85.6584462949903,142.1718778846954,75.67914612131034,17.906933490159933,36.70931162197225
12,14,97.1378575418776,62.52181772821771,134.07980190469712,86.41374442103438,21.25442188244491,36.50004908764234
13,1,94.86044469211343,79.63639079712839,113.68319245096446,82.0992001794608,15.465340000044359,37.046443793454294
13,7,95.15135606498559,93.93108582940664,110.97715380159691,70.66572574941318,23.48812142877351,36.50530551584698
13,14,92.18894328377438,108.17040311743563,114.43978856728303,85.59322934510789,17.72222821194334,37.47549924913486
14,1,98.03234421554521,72.98685478492881,115.57081714071815,85.76666507921794,18.708981664168082,37.09072334396534
14,7,93.80459316933556,76.96091692830652,127.72070992126643,85.2399609660185,20.833438294341086,36.67506657491443
14,14,93.51758197479246,88.74442962973492,104.72387574358177,75.82434487729806,26.49796145426005,37.0304235669328
15,1,94.11882447605439,83.9572327615712,136.25531618938138,78.37590341607873,17.470369293375068,37.016717727686945
15,7,91.32743834541539,80.311735164372,144.85105417691045,95.56722206186775,20.1830643215687,36.51011852483863
15,14,92.19629883926045,71.17935926935425,110.02290207450277,101.38927503694609,13.485727378629328,36.68736021721419
16,1,95.79332099356105,73.96014160835374,143.22545785922958,76.35783493323282,19.924450402102117,36.828420803826944
16,7,93.32834178505588,95.17718378378976,114.25641839071925,55.8861918570824,19.377844230158914,36.14137470228031
16,14,94.06307528340496,82.48975185715975,144.65201907183265,82.1920744724935,14.689629186025678,36.63550013420683
17,1,97.82677115852643,67.58994119136155,136.2265032406837,79.58185221236022,14.364998519115568,37.068358476116025
17,7,95.91773134718278,74.71765656577213,136.09461217092436,85.22354605768136,16.9824605281476,36.932536818556606
17,14,95.91190034908695,82.48126970212635,124.09473979713376,83.44126747820498,16.822087822679986,36.97600305730678
18,1,97.65853103368656,72.38822997429988,114.34771549262186,69.11418455671324,20.357800457507373,36.89991369223661
18,7,98.58214816024615,67.31668750040079,146.06272494511003,80.01402736482387,20.16472284568194,37.05114400142939
18,14,92.27191473848636,65.90536197871242,120.15127722175423,76.47856459598971,17.434219597575233,37.15491831774183
19,1,95.67854494521777,72.31566194232774,140.51601936082054,77.66121512993325,21.698820002595994,36.66136897761353
19,7,98.4170284017358,80.09393806111274,121.59253982099243,86.9947817500671,16.936060901088297,36.9332957119077
19,14,93.59598327361482,62.93261583193447,110.43246936350528,87.16081567251472,22.635380168814702,36.51268113906858
20,1,99.58365321589635,56.010010851400594,131.05624274556467,87.1978878563914,18.06008104948071,37.717956026658506
20,7,94.37467133114903,71.06442467388251,105.8617304878769,79.31251062947946,22.686230772496508,36.67643929741056
20,14,95.7625813807183,94.88742057157292,114.88402195196939,62.53502637822477,18.094643279051528,37.18272252274701
21,1,94.78986454614316,78.47576069074151,114.5955303002495,81.13218100145536,18.937696763867198,36.75153436466041
21,7,97.5259779456897,92.32689005491967,135.95539271729743,86.65294291970793,23.996565980203744,36.729333319655865
21,14,92.86839378409466,94.10152441093429,120.13817788344825,92.35749815423446,17.838105792378794,36.630457150598
22,1,94.02380951072855,77.7287435141923,113.4032788219983,81.30843333915186,21.647364828361916,36.944630858059156
22,7,94.61634365004039,72.43229695834256,127.91705717055004,94.55491716097791,19.60337755128481,36.63592960259294
22,14,94.66820344483668,76.09603654425189,126.17305322683075,76.77322788907944,14.638076184674457,37.342018253207726
23,1,94.1817664001061,55.6499113785804,137.42081383767766,93.83979789332147,17.853405149238696,36.039211590064895
23,7,96.41255916142372,83.5790522183291,137.18973865454032,73.35568394224525,19.69938990405133,36.943318392724564
23,14,96.44384224237588,92.09444136141785,132.97479481387228,90.64068807645782,21.682104924979356,37.2849420770019
24,1,96.78284613425008,83.6175940084109,119.13098045924572,76.83331778217939,17.785263054221115,36.868146617645834
24,7,97.9031462821219,76.83831399375849,119.32588618859,85.8202299508528,27.96655030112576,37.06317914733799
24,14,93.24189397895393,59.9924504007562,116.0052386691189,75.90258656244472,17.361134942261412,37.04232462131035
25,1,95.09958381200443,77.89824877609024,112.04134725747612,87.49150569672993,14.984533656136556,36.540862081099974
25,7,93.1401937309558,96.53501253413657,149.47571655341625,108.00848960597173,22.61648773061177,36.85376633388049
25,14,89.4263930929454,83.42012362021664,137.41083375414377,66.21316015032976,18.23374266644465,37.26811476825792
26,1,97.01738754715724,91.21088480287061,131.24689201158182,89.15025510324945,18.627866582158667,36.75170295462752
26,7,95.63375264650645,75.06504115367854,110.04446345210815,80.50442829831667,16.966231787754886,37.41462904665072
26,14,89.31023429036075,96.75971467537896,95.16128521244497,82.78761603758787,22.035925623631783,36.91558795258279
27,1,96.70595747160571,69.63742457701771,114.61615224558192,81.33942765534985,21.671185437896867,36.94881916252291
27,7,93.20046155076145,74.03773751756583,136.59068708918545,76.1051916373899,17.117101530124607,36.41702520431594
27,14,90.62964474048424,82.86791599538776,121.83635597728389,88.61218465682911,17.115534479168975,37.258598155087135
28,1,98.39404235839132,66.98804398490536,118.26781616635814,74.73360121724733,19.19153812132412,37.03709302730492
28,7,94.73543484787143,75.7026070176416,128.3032881239446,56.755455054292064,17.912682381122277,37.42167372491912
28,14,94.08990414206579,89.27150246522461,118.95956206655961,93.52874520056727,16.7057475965107,36.902751446417426
29,1,94.54402038144676,76.98212282144576,110.87732682929209,79.07745429584163,16.333210970307185,37.16471377320886
29,7,95.58842247271393,68.5316030499536,116.29405562582262,73.99788244413247,12.612142132753874,36.950938917186264
29,14,91.65060237886672,88.35508288170792,119.30086016927594,84.14171760603764,28.566756382227556,35.96859809539062
30,1,94.65680768129093,72.9180932659455,116.67219892625096,79.16687142052623,10.979485483249183,37.2693375043089
30,7,94.39617511379514,88.13258014342789,124.21907884392478,67.730118257951,14.612373497080299,36.82853816447603
30,14,98.06058494039435,78.83438259493279,112.71133864090604,73.75275464775999,17.433373022633003,36.89238815966214
31,1,96.55706161082027,66.26236115794892,109.46448627363989,74.04724507756228,21.653811904909862,37.07618614501832
31,7,94.49430495993848,63.97892749040037,119.08087617358353,64.56641761424567,24.23094197725976,36.34507019518544
31,14,92.37231720948974,90.46077878517706,140.06774190462295,88.04364329122006,15.952083207765543,37.11395184896888
32,1,99.68574196580943,65.71612562625678,111.13766684695591,77.215295332691,19.07007044497714,36.84007408883236
32,7,94.60758056427599,83.86146487215194,116.15262309031002,80.95484479024489,14.824738467916006,37.629844470906995
32,14,94.93786675651866,81.14380260607867,118.22381540380186,95.83484436025,22.207688119506532,37.36967198467867
33,1,95.7806216247205,66.23617665398821,112.04589543741847,73.7946655619514,20.417278808357352,36.76093672917244
33,7,93.34589756861176,57.77425781292657,103.38639251688275,84.82906937765603,17.982078157042785,37.20373088432647
33,14,93.86170032057932,68.90504609256622,123.47565505228762,81.84929572899118,20.334376772363928,36.97577495792993
34,1,96.77669603587478,76.77626714592448,117.96760355637875,81.11301938238911,15.296997388197138,36.716929932197345
34,7,93.80131019551058,103.96801970356796,131.29891431081873,56.49294097302776,14.734280599347118,36.77014967078448
34,14,94.2423577632357,84.03947594105742,127.09102391618259,91.75455517360777,23.136963689987972,37.01091450587455
35,1,96.1407017154674,63.68903586329879,90.00193782971118,94.50409050180541,15.008463052156628,36.67640975027696
35,7,95.1380173865462,101.16320423196123,118.02310045905726,92.60039160179555,17.85426793777997,36.65366157592761
35,14,92.92338691298394,82.43229217054531,122.04156703076465,73.58073149271877,15.642846578131882,36.82455899256263
36,1,93.21004872418534,81.4839547495321,119.61950981947771,74.9007700324612,18.38207138400813,36.40975083792271
36,7,93.86893496458772,73.85915236413695,119.62611967546965,67.35163515876141,16.83566866332751,36.67330952514551
36,14,93.50508161582934,69.85686377397211,134.94543706413376,84.2646902608535,24.262408596679354,36.14261276434096
37,1,95.22756543418811,67.42640288658819,132.8237049153603,80.53578929830209,15.440354178208288,36.349397463882255
37,7,94.06968674292729,65.7579290667544,125.4792731887168,90.21522773080454,15.000904473280018,36.72404905018475
37,14,90.73086814206428,75.47018699007029,131.43331755434522,98.92189366608571,24.29772336561936,37.683140503636466
38,1,98.13312790259297,72.49033310440126,120.09762513404374,72.66389707178548,12.519125186623864,36.82497371269142
38,7,97.4869734795083,88.05155691781354,156.45029320246084,85.94885793776946,14.061173023877643,36.85986308274172
38,14,95.37286282228335,94.94339190905492,142.077689711784,73.7579111598258,16.34172740878011,36.61435729229618
39,1,92.45918379036338,74.39869677833664,121.14193466349231,89.48359071620618,15.8367143842008,37.01695826089757
39,7,89.25163707736782,77.5179978075428,122.36242272353282,65.75311163008271,19.4015210259225,36.442257069613056
39,14,89.00513632684921,91.53407817962223,152.68685415903357,79.82662631497215,25.194128167563488,37.0733530108692
40,1,96.22101489678916,92.16651910683856,123.21236551985845,84.26398776758434,17.96027961909511,36.51950835713808
40,7,92.3481608228338,92.43601069320607,134.7944590883355,72.1701534477208,19.602454148315548,37.316660578878015
40,14,91.40821049109589,102.47335054931504,147.12647259378753,87.79138034459646,29.971791872447696,37.5540218931844
41,1,96.90315647553807,80.16454046137935,142.36937667541335,79.99531051599331,17.359109413221567,37.05931591467548
41,7,94.49993073732846,82.30953396714719,129.07000004901923,73.71108767639896,23.241069637652238,36.9346142834802
41,14,95.2147305771756,71.16349238675093,134.88565293156688,67.5759537356279,20.675326722892805,37.147057708110616
42,1,93.99147590420694,74.09895383136185,131.21877938906226,86.65295491462724,16.234698318789967,36.99449822627343
42,7,96.4348094374519,70.48440977029165,138.07906285437738,67.7025204296024,16.86631727414148,36.41008470341519
42,14,95.07689365238171,64.59656293660349,126.38754976233412,75.4633023277275,15.880210795803974,36.83523922205927
43,1,93.957267300958,82.67580834313266,112.85274348117008,108.28053944099351,15.457422141588141,36.80880063480067
43,7,91.57709406478789,103.12418707958689,142.08221863413695,81.61184040376317,24.49641990999638,37.71059022194434
43,14,90.56946035567523,89.61865493289127,132.8038795916614,83.68435008598186,24.224460307713485,37.33236437183668
44,1,94.40657006839484,77.00509731986983,118.26943652467854,97.17726401182911,19.505263312420254,37.100494791858
44,7,92.38610487735501,81.67854865588919,133.529061859158,80.51064673215808,17.088882210383293,36.62691212778154
44,14,90.5544409488887,88.7770597573932,125.40043683720381,80.40262161553576,26.648627588758366,37.275976770662076
45,1,94.398465692927,89.86013474946314,113.50634301315412,73.21444713900264,16.909715133505113,36.21841248928293
45,7,92.28286862199685,73.85648119859722,130.8800202980882,84.06635011422607,15.809823451086604,36.52908535052183
45,14,93.51250871676375,79.8030430865106,108.81744293402494,87.55897085506884,24.061875970466076,37.293390779270936
46,1,96.70597043658515,71.84359261272988,110.07428171915225,69.78133801476336,18.967394073359674,36.41447679012679
46,7,93.45006796320781,77.43620921292373,140.5480289368273,88.00774772510616,19.992990822646753,37.05535556613595
46,14,95.25378366377124,76.44845802551681,149.23670872487898,87.54731596716749,15.307407187744012,36.37699473940888
47,1,98.98965106212395,70.72267336042857,108.50486605579944,89.12072003981321,13.131193286104342,36.98903053269209
47,7,95.14194555227472,92.53748398555577,122.56927818081283,73.9521188196901,16.957637780091975,36.828934460928146
47,14,93.64699480815727,74.09251999002797,122.70751094538399,78.14723189066255,16.38870948396886,36.86900504685259
48,1,96.20506244831334,69.78702282589317,106.40435695065358,70.67172181696546,8.0,37.40525747117581
48,7,98.36628027354377,82.7046015188407,115.47330039994465,87.99861224424484,19.864049854138457,37.020172182243016
48,14,95.52208767766797,72.05108153999572,112.90893354300111,79.58407200757824,17.882637154347467,37.11621096851913
49,1,97.41931479858533,88.06006011095599,96.41152761196574,77.50287228787245,16.900944311209376,36.53147079421711
49,7,93.74803305891623,76.41398065285492,123.1587386742359,77.86351123167354,23.019745371581774,37.12730612957732
49,14,91.05351720333411,75.77253393652907,104.73685273944572,69.45818962289907,17.602140235347484,36.73691083562329
50,1,97.47423461703593,82.23961676756791,104.47918149278931,68.79064469071977,15.337552098535145,36.40023406381602
50,7,96.76621894315379,69.74490867111263,131.73160212644328,65.41605187878575,26.003741552274278,36.11619182835938
50,14,90.08761088025962,85.36286047427592,123.04592955445756,63.0335626446328,17.187152198652853,36.45908986687662
51,1,94.83890381036895,84.75977011043787,121.02838478516517,83.61479987441233,19.405934974970695,36.95440619873673
51,7,95.25283071975734,68.96824548877831,142.05822588311028,80.89244059802843,17.445757136686826,36.93474654297212
51,14,90.92491581950276,97.85338644668234,146.63418163375843,63.988752103494974,22.964625206725536,37.06968834616172
52,1,97.62933634718785,68.07445227634888,125.26063499480352,84.99671529200107,18.02830186550766,36.84787214434023
52,7,96.01228352501579,80.40358812828333,113.22154543037618,91.7017031729912,15.202399638315043,35.973079151199485
52,14,95.31639592621869,72.12998295709968,121.64604547767502,87.6093861371898,18.12074302574349,36.3594604633424
53,1,92.25976728659788,68.3409276889728,119.29944170060081,69.52037693205986,16.55004216500574,36.622639220792486
53,7,94.61926486061591,56.55043862577728,111.25586350127706,84.1196603872434,19.14038337914135,37.06151014889411
53,14,95.01447631270223,79.83510200410628,94.85085049877011,85.87597200776949,19.659785834051522,36.74621245921336
54,1,97.27736116392191,73.53679175008088,112.56505674699935,85.39713724073789,28.171013169084542,36.470122863471396
54,7,90.47529132547757,79.5463641325861,118.31728313709108,85.04770158473977,23.646181067487984,37.219706834375984
54,14,90.87112357262959,100.01927921387616,136.47685728386224,83.35072848309457,23.327388453821747,36.786882880232575
55,1,93.80354415859772,68.9503847953776,139.07555501714438,60.12763515731008,16.00516475434449,36.75722189701944
55,7,94.82422209978701,90.7184024929805,140.1193903948904,79.9765079202802,20.663046027281435,36.820211617674346
55,14,94.19877767187631,73.8684892487741,124.74056362379756,76.73808543576442,17.33462639032837,36.86642677449972
56,1,94.89911551595597,83.16024865007795,118.14714866139033,74.16536128446685,22.517497970012332,36.694563404309214
56,7,96.24507010104435,59.84750175952935,142.58315718461932,82.07964020364254,19.84394264101374,36.81609058985876
56,14,92.75667464101363,78.02423493030729,121.51593138772247,83.69105317824948,17.13284996984199,37.0793119753035
57,1,99.35635535038494,71.28341281444835,120.85542531619485,65.8713303639579,20.205704428750195,36.41430366435632
57,7,92.90592234542082,45.0,122.83328291195296,83.41714194499158,14.056248779170147,36.856237645064525
57,14,93.71769965142674,71.17688019578495,122.79066258919096,77.8540878672654,24.99244606126875,37.10967328246577
58,1,95.61514384087053,75.08537458231703,119.36926466049083,75.19389391512058,18.270391938144,36.491277787316925
58,7,89.69475313342734,89.28388768531357,128.59562775571908,83.89782199907643,18.364885196979305,37.43518742233383
58,14,90.26683941264439,89.02468145133487,125.97311940381681,65.72483749763575,22.658195474309323,37.39436320336048
59,1,92.91642220102493,76.12313606553407,139.26654442158113,71.41122037909929,23.933696103265696,36.58898562074199
59,7,90.54396893553354,84.62827810273487,131.2841312984416,86.06217395266292,20.987385652280686,36.8864597642855
59,14,87.6013646250488,104.13560406210676,144.1952950034441,87.48041861565034,22.056180451527762,36.57401256781841
60,1,90.73702475311076,89.07598243802671,104.07375000141599,75.71593793116,12.217698399429386,36.93682137596582
60,7,93.34503894373911,74.10822265856591,126.45532218459664,80.14396498833023,24.86157663180671,36.877323582703184
60,14,90.30837943381539,102.67090037817555,134.33560646258275,81.937205516981,29.037010674865268,37.14992760674026
61,1,96.21168255954026,72.11426736253972,116.87633722126112,79.03086563676227,15.463895918421958,36.353397743601256
61,7,94.35206063549941,85.45847807242755,112.81380533565874,88.93201781753046,21.14214174428738,36.48080092638728
61,14,92.81353327665055,68.57013964518117,127.88071925509126,81.9716661095134,17.14580616410638,36.06116691842965
62,1,95.93687165875703,83.51649099367012,125.85087948046416,84.99266942871306,13.801356203103946,36.963866130110425
62,7,96.29628895546823,104.39363736243895,128.9286020094794,85.97177928809501,15.948628327053079,36.83689549266594
62,14,91.63064348195768,75.83523663785031,139.99698271691702,86.7998178194367,15.393924373834508,37.23785791441075
63,1,97.48475404507369,68.5550984990116,123.79036036015972,80.21015649956236,12.134075165368738,36.420666901185385
63,7,93.10854318733296,73.31888604502743,133.58052626886075,87.91602935864114,17.083241728283372,36.940332299065766
63,14,93.90141061412922,74.14968208610922,121.44784956517307,86.0506735396425,13.323531661269572,36.33821263660046
64,1,94.54744841881747,73.1858358024273,114.63416484169613,89.99643621962323,14.227674231979593,37.14302805075923
64,7,95.0566757215656,86.59129914272037,117.38375024214851,80.36730504117867,10.81004808366383,36.92625061756649
64,14,92.06533027083523,67.58509973140403,117.40343710029667,92.4765827209101,20.613052904552642,36.21601890391099
65,1,92.54049247872724,76.4720359648317,107.82617727571903,71.45331505299104,19.934927161046275,37.08037094317159
65,7,91.86681850741618,93.57097835239622,129.70423988813303,89.90006960442123,18.070749904527084,37.18818698686223
65,14,90.6573425850656,82.6537726169615,134.002793370398,77.83842834618785,23.08328766494185,37.263260994232986
66,1,89.83619556027742,95.90925495298328,137.72157988253343,81.08264416764345,18.261072697229295,37.01488867668046
66,7,92.59064310832173,100.72740291896231,146.97683692214105,90.91344465687615,17.78163500557556,36.83157134609974
66,14,90.6832931973997,91.06839811975178,130.44907840793124,85.1869301230285,28.856428606212027,36.82343075591427
67,1,97.7406054715093,79.67107184166738,130.61526697320502,87.37376439841636,14.785899300253757,36.67093001699019
67,7,93.03505449624252,76.29235011379726,120.20672624274218,76.6670680265484,21.487558544246678,37.11335039832243
67,14,94.7829518374824,85.98099020164912,116.29427775754597,91.30541736129334,19.842515618678235,37.018812790813406
68,1,95.68269988715636,82.21288149207902,117.22266565691437,87.80607333506684,17.10195703293825,36.713401428123184
68,7,91.9146832693899,53.43296059753567,145.88894994904507,88.97447207212366,22.145071731094532,36.92846642393223
68,14,90.31492776455859,111.35533249711324,124.28759870240532,97.84751089377555,23.035304897153207,37.01064353185863
69,1,98.32998023372475,93.10269426807564,105.8717285949973,93.51161918113485,18.942741808970815,37.481171441519095
69,7,92.9109401394163,85.98695180687047,120.70953128808459,90.13071969116311,18.767548425678086,37.96966601427004
69,14,95.1365953559312,65.10892594212693,120.29707623156382,86.20542555420707,22.503251677405324,36.70498954518072
70,1,94.1999181642056,84.86802790429742,89.25754723891903,80.31990064346414,14.204547393166582,36.92448630024125
70,7,94.70156632084844,66.07581061368055,130.05339519008473,73.35394008518924,19.79771851663103,37.43953915425067
70,14,94.60232675438866,71.20459431375181,105.61274788300882,88.10592167474483,16.865458423345242,37.23826824263736
71,1,96.57895238320232,86.37722990506035,108.40094962607638,79.62355468004058,20.616562706027135,36.98228834687708
71,7,92.32692428772188,85.77481992427344,119.36921745604172,83.02115842031708,21.320166100305947,36.794432354473834
71,14,94.3573301451145,88.28240626075234,115.00904710115645,78.34535340181434,21.86768899425774,36.998004340401096
72,1,94.81696222297795,78.22108585467424,117.99926653151526,83.98244206092605,14.804520903651984,37.11343962587778
72,7,96.19120883868783,88.46201259613301,127.83834289085162,86.95463985089133,16.55104862216212,36.5002929658862
72,14,92.84973944018029,82.51458675021175,138.94839847275597,72.23843551747788,18.154712708913515,36.769823737641275
73,1,95.88275408919621,63.000184851706436,104.07057755556315,87.26924057971893,12.309807308229262,36.88414439282422
73,7,95.93817079535063,79.02672166897577,115.68103258282696,83.32546861662698,18.861545222072365,36.69169766095512
73,14,93.59254019961192,84.70323339395105,106.86112399541454,88.60607434959716,18.839743765960776,36.639937852130146
74,1,98.15000887931274,67.47170813628257,120.58891178917062,77.8481765227703,17.610029464307065,36.912999953719385
74,7,92.92157825724668,77.26561156024992,124.79756938702046,87.16022356915393,17.973470936942995,37.03615887098679
74,14,98.74450134762671,90.38816178599272,111.82778179629808,87.91616493523476,19.888237531600947,36.65188776549745
75,1,96.59410727008492,70.89127784824875,118.4003651716228,83.82830637468372,17.347027207732072,36.90718617724325
75,7,91.95746286556977,78.87602949482388,139.6166389052669,88.8083814007996,17.2544804769808,36.70156440270572
75,14,89.24757978856017,79.42434747455106,140.89554330355696,82.50652638155037,20.787586023328057,37.81033260584449
76,1,96.90183754701742,58.13729776489494,117.06013710462939,77.96370957524731,15.971594269790664,36.892600173230534
76,7,99.98962253794703,89.8344781163775,136.94718780919533,72.0814639041296,21.339464727284362,36.31520458748486
76,14,92.21336247528671,64.82740294179823,109.16886604664585,81.90544259029247,19.613159413183045,36.09527716465968
77,1,94.52167238648663,95.78082772333522,110.5869257738281,84.44542656042476,17.693767525403192,36.52411764977676
77,7,94.46309317114081,80.43588991062094,130.39759125378632,81.41387665876036,11.918356911887622,37.192972722164114
77,14,90.9638620132174,92.211827293362,123.77289021511412,87.17337985614549,22.337080773491024,36.543892410556964
78,1,94.50231211710295,78.34414929050189,115.59983350542097,72.16178041777307,17.30363250066719,36.80856065984271
78,7,96.01324543437386,73.44261001777987,135.0881241144073,88.38686804944507,14.307917449203028,36.9359567245526
78,14,95.22644297633671,91.50401122711018,126.95965512960869,86.43797905735025,19.634115289535824,36.838828831423996
79,1,99.78684616644699,76.10406708243195,112.55233443899523,84.0270230690963,17.583774106875993,37.07534008332807
79,7,94.85589770391562,92.75736424773483,134.90865339117389,93.35038279879318,17.031646791140986,37.01779222578946
79,14,92.96037582186797,78.20738567832107,131.65511454335197,73.22859146214124,17.61898011276768,36.34656552401639
80,1,97.6783603442068,63.27829384997983,124.0999621317658,80.70492158845647,20.1470065343738,36.534913819028986
80,7,97.34875747836357,64.54859918766444,121.00083997404796,84.97393318341894,20.170239195020503,36.69467594756913
80,14,91.17913849632193,88.91981498467393,133.24581514407706,76.96274922606335,24.966964925434517,37.40743330668465
81,1,96.26244478335309,62.78709090847615,108.34428651163513,72.25573679442752,16.410384376151875,36.37410954129076
81,7,93.90193335900102,80.89133029481279,99.51688858259804,81.98166292319536,15.00619376752422,36.70948953312192
81,14,96.00237985705836,86.89440290162305,124.88750474002813,88.36468039824547,20.15922298784952,36.714901506504376
82,1,97.18359070835017,91.68523982297616,131.1265872756826,81.42611896562109,21.638535655564837,37.19119866594876
82,7,94.30108718068718,88.14044735306756,128.7709965807888,91.09054704534273,20.98193279656669,36.86245831495806
82,14,92.61776643551661,88.14067867724245,114.91637880723441,87.08754221980658,19.025410837719733,36.87149866039597
83,1,92.03696397540195,57.294312999917395,100.16078086015241,97.13649406979209,12.02989169490997,36.26468140394381
83,7,96.05808622534802,81.18449929008827,122.81890797472667,71.50475897843033,17.930720129726794,36.72261476589281
83,14,94.57374182844185,80.64025481121014,133.12547353226844,76.37358468220093,20.831578673238724,37.07357966392887
84,1,93.19842975298356,99.03588654881898,116.84024449523127,80.44616379310474,12.640857989930527,36.92070927509788
84,7,95.20024747773131,85.90493996443723,118.51721067211339,75.19943453586656,22.210609302851182,37.353599290554925
84,14,89.92475203382428,86.15438564209816,138.24616087960968,85.78837134582517,28.238405747765782,36.55781255803416
85,1,96.41779895847853,75.02417137430675,115.1145496233848,82.60830567846236,15.236698441118303,36.46908243998958
85,7,91.74355451203937,85.74218845127938,120.09033209121392,83.31223131147127,15.90556683052856,36.83143115009091
85,14,93.4205177527013,87.74977551653727,147.60297801594288,79.45734826405419,9.959274389060118,36.43826524058696
86,1,96.92516182270677,88.55456309713267,149.9614681906246,66.83205322493657,16.7699506258066,36.45622985336933
86,7,94.31031877115034,87.37145131552658,136.00803823013604,85.52822928325207,12.01414456789361,37.043239131105175
86,14,92.62009347407611,79.5583048170696,117.13482852807911,68.5216745596071,22.668774271523713,36.825272441471405
87,1,96.54213532639218,88.87077132479169,112.84207479958944,81.1265473759546,20.92183792485719,37.06081194722995
87,7,94.29183988891666,83.92784118186411,126.1200455038132,75.38739591324897,22.605846699164857,36.74370759332119
87,14,94.65637324833922,60.82925061302106,107.07219769189342,93.36735552678407,15.624763125900891,36.25237046585649
88,1,96.92375741901955,85.86493958776617,129.85493984037146,75.82873890117791,22.655881727378016,37.090311748498905
88,7,94.7169719213094,90.07609752976744,122.59423564072874,82.67124961735276,17.812734323769835,36.15082924903913
88,14,89.77545182495747,95.4105813108599,133.97711767461215,79.13723906838136,22.666778978549676,37.929376366542996
89,1,93.60554893030934,63.565173754916934,135.22329271190196,84.47065219113011,22.3710426292646,36.867158298031846
89,7,96.96672915328145,74.37321188091101,143.5895570031103,73.21470372633796,19.78269772598701,37.01999421829642
89,14,95.1645263067883,96.24165593938376,118.92552856660616,75.15441365016528,21.873543187684504,36.69679446632486
90,1,96.00640353589358,78.80687476056814,103.01912976058784,65.25471684235286,15.656696556649344,36.122825705361215
90,7,94.78632523237364,63.86472664415855,95.29038069360467,77.80492101309915,23.540578472030816,36.26855621390229
90,14,96.05685327105246,93.72675110736684,108.6247388134249,92.220326585973,16.97030364229677,36.43430120211742
91,1,98.75301274622966,67.41133051519634,146.13773815799948,92.85952513358427,14.667883642525625,37.52639793590417
91,7,92.73440629680108,73.02121579728161,121.07589930599413,73.87293596452129,16.393408467039016,36.80996580720301
91,14,96.53448787847324,76.75283042232849,143.78874841442038,81.73380605557895,16.35376460229864,37.22886918345694
92,1,98.63504510739278,70.97443670546139,140.87970917357913,69.28327949053603,22.159284413403295,36.70063056441627
92,7,92.37673474958504,80.49574893585289,110.05560800078717,88.01769049145419,20.51719976263517,36.51643084559001
92,14,95.46043280110204,89.87644330313928,113.7393616837248,79.54073902520324,17.080706720833295,36.78303018694032
93,1,94.18099821311868,93.9670167963352,107.38196538270992,86.27333675780154,9.3272927546898,37.45497971674998
93,7,95.44573820812109,53.94985753367846,122.93615340244158,93.24909069381843,15.242278401460698,36.61846571352213
93,14,91.93746854681824,74.34346071284293,123.95810117994759,75.68123252728137,26.16299766417417,36.6403678333175
94,1,95.40960969632944,73.90123372145406,116.14597006509725,74.99249598224091,17.488787410955414,36.077185689971394
94,7,95.88595444400403,56.414448869767526,132.8670869687244,68.03194488808624,13.364090186281699,36.47766534565493
94,14,94.75326078346832,82.76107507686562,98.89046194456165,92.80158576003365,17.63259384446694,36.60104700501705
95,1,100.0,77.60123804693534,84.52491024256142,88.35131911840386,16.870484316809232,37.20476955557577
95,7,94.46462072401162,69.33549755706228,129.01706081507777,98.36938890237495,19.84650887919679,36.812950917688866
95,14,95.28169449305967,87.7206656044391,146.8447385606178,92.40437199215025,16.744516784578217,36.3897588825868
96,1,98.07530883160324,61.59326571681385,122.09158751789954,96.14003933783506,17.155167468334163,36.34599671809118
96,7,94.05717496293225,80.46404507760072,144.21100422177915,80.96203945448406,22.592529463624285,37.138731483855565
96,14,93.92041970230846,93.5859515258246,101.35003563085321,79.63103431529422,22.0657251587621,36.54104942571248
97,1,93.86724685940874,67.69245782365253,111.73050939369914,82.3575611743342,16.333669894936758,36.50901595488881
97,7,90.87207794558996,65.81444104108354,129.10075908916627,71.50671346115841,18.82082295816008,36.656431885077666
97,14,96.64074352509637,72.87582729933915,116.75133991411651,81.02124213108672,19.349088365163443,37.129672629355454
98,1,96.41298105280715,81.38077854637591,93.03925600798948,75.97423306762245,15.236422337159503,36.699900415903045
98,7,93.86450252908939,71.66468245331292,134.28641750279687,78.29790840592862,17.581316457491486,36.45801060562717
98,14,93.31781206913882,64.3513416508699,135.1054370854703,67.7693788227934,23.143415314679014,36.486299672447025
99,1,95.03591884453854,79.08433788787296,113.03226580909566,85.03596899835988,21.185188500166262,36.96897338411931
99,7,92.341247202457,96.78785522393312,150.47436686238106,75.19268402104116,25.449550637801597,36.654736417148115
99,14,89.79767988508915,116.27898846396317,137.02165788619575,86.10057455314129,17.316321743882696,37.7287606696311
100,1,93.95023479427236,78.47202928561813,121.94935175255057,68.75090529248085,13.111680071762779,36.18154097199867
100,7,94.55179423249962,95.81016797396384,122.57282256580093,82.93588316743133,16.170878163464874,36.74647909536466
100,14,88.66230262468234,77.55790706909266,140.1706552286559,75.9841438582763,16.663169549453215,36.744208090137946
101,1,94.0191034814926,77.99038223118991,118.44336254948229,68.494335342702,14.253177066121237,37.05388454247612
101,7,93.0843974846044,90.04600371104827,141.32057159237192,82.53135318682217,19.354978996942894,36.591702472093054
101,14,89.47817779581474,89.1970793017676,161.50161977876004,94.06298923553379,25.899339221942064,36.57029192382169
102,1,95.37945287599292,60.385890387689166,131.3720482943005,87.76275326922959,23.08283946832733,36.27946832845206
102,7,90.59288927691944,84.00874190746437,120.28835889062408,84.10563102746026,18.678578774781865,36.45926494815731
102,14,86.7462312889513,91.9415629079797,150.5851860775771,82.54496113014855,25.28875948863272,36.93413594650807
103,1,91.8404946852918,64.51338761648502,125.82348386721611,73.3640847040954,15.243820550702763,36.902389929564826
103,7,94.09832029592599,75.57696526840691,113.1624213788292,78.18998020599473,14.577963630913885,37.057330664789845
103,14,92.63194062959576,79.16792531354595,127.0723167706724,68.13393923962649,28.026501468813937,37.08325480239822
104,1,92.03000937752866,70.72444348019879,124.30653037524246,81.81319873157948,17.23972176510021,36.83803453522114
104,7,90.82160367873068,81.22819068571002,122.40158926978792,77.21192465880446,18.915212996068,37.56000065468322
104,14,89.57179208189028,80.42148381192916,124.1718949551015,87.58199427611686,21.080520208972754,37.85520414715812
105,1,91.29705259821242,86.26905096867041,118.60089904873428,84.36427960578209,16.489966488311875,37.142695659765096
105,7,93.81058050027565,97.89960927244114,135.92477840492165,82.51295865202684,21.770135228940966,36.74041553829388
105,14,94.51133027185462,84.95376881144745,110.365435743736,74.49221891399955,25.262209065034458,36.5793354561215
106,1,94.27989758115993,75.28340122648173,101.15573774311561,74.1292633209295,20.593434835887184,36.67141797079371
106,7,89.93539943837271,102.72807352457421,125.47480289628395,90.40286393107914,17.69752272730869,37.081715169577166
106,14,90.26562768446789,84.38191793513577,113.88749067711863,76.09300307438625,20.288781384389896,37.15206894732458
107,1,94.26630789570486,85.2396839744608,114.73821322814233,66.02310250097146,21.71639835571451,36.42863951855761
107,7,92.8762035192633,81.07373498314219,153.3087855629709,92.48991364857815,17.62870911527281,37.02140540178708
107,14,94.8687794331779,86.49152590637767,115.14814730463347,75.29232261291995,14.267159910985457,36.78843843360639
108,1,96.05388519613956,71.14218630193213,107.13950557853636,103.59265516118498,16.621610022379944,36.913220131741795
108,7,92.23478796838582,72.92369540777645,128.43444513701152,89.12262951904285,15.347187698856446,36.633128414554434
108,14,91.47801272263092,99.5310509250306,105.73071660673749,81.70714543798832,24.369184228434296,36.97855722857869
109,1,95.72426545149577,78.61091269298267,142.63224099442505,68.53398976890637,20.38805106631017,36.849412762758405
109,7,91.10092614630373,91.88229536370618,129.6900375834385,81.18886063082255,19.22283376364797,36.7613790716185
109,14,86.43971815330772,95.07773158021227,134.16942158475527,106.03067872285939,19.763010962132178,36.97361853341471
110,1,96.14812340953934,79.9875520282428,109.99261490421047,87.221938334839,24.407393858397658,36.792995388824934
110,7,93.83571306007718,65.31799047978534,124.08268825794072,90.18631962466426,13.848609255588197,35.93049158001908
110,14,94.70591851227583,83.32440564234652,120.18841323856383,90.6650769654055,23.238871507391046,36.95659003427417
111,1,93.3528130239147,77.67991016642365,128.94510698257946,87.39648993437432,17.93204432827394,36.45996387348402
111,7,95.68235635063449,73.01184186119752,140.69597380043373,71.1015104197564,18.85826645238924,37.072502955030366
111,14,96.16498076150157,94.08241026335531,143.160965687022,72.3746918921642,23.696652658040037,37.57348159802382
112,1,97.15859156242843,61.74112505695144,115.88266643794074,80.85130625702764,18.110538157483344,36.02105242116905
112,7,98.67378317718504,89.70759578493157,125.37201558614649,84.22574229714883,14.88006722975007,36.5720295471502
112,14,93.65680160199261,75.84833147022599,129.84332218130012,73.5620525086581,15.695830535267941,37.60891972030483
113,1,97.81561840127026,90.18255417994992,119.48860595000546,80.02103886308545,17.079553609575818,36.613095408964604
113,7,94.45050135211531,72.44729832557852,135.56971019244656,65.87017551169669,22.335643653443988,37.068973371727026
113,14,95.3643551090907,70.4249951997752,122.62818709971727,84.62389769339453,14.173998518219097,36.48815497063538
114,1,96.7352188971555,83.58467389892988,138.75222100423423,75.48847800977045,17.120840491234357,37.12529651307366
114,7,95.61090259261402,83.16734543151209,130.88769893776922,82.2270242227313,15.392627797391231,36.46344617312206
114,14,91.92960698650108,88.99864056611007,103.33678445705283,84.83400592337755,21.79951452314873,36.347352864296646
115,1,92.10249688965295,80.77321668879704,118.51828573537004,74.22464647275063,14.73835160283453,36.561976873006174
115,7,96.07673661774099,83.29581539833401,154.94347273886552,74.36561937760462,16.375106841495217,36.348803293719016
115,14,90.44020430509404,93.94790479624545,144.2577740025642,81.2628964767589,23.197118216645105,37.80918982355042
116,1,94.46509988346227,76.02313943152151,127.88189653403616,69.04112716545357,15.413985918678023,37.375688324979755
116,7,94.80972570884435,75.88807127777284,112.05619074737517,61.38072767121653,17.317350130582106,36.751789021118256
116,14,96.98914248805782,82.92051941738339,139.33898808531478,86.744095512263,10.84588461297976,36.737647599873185
117,1,96.8897316682558,76.74853020252492,116.1735048699312,76.46000834788124,15.84143122427697,36.86392720032331
117,7,93.69540975917332,66.10525930996269,103.4668840426069,85.80420451062788,19.790014168310524,36.50336906896255
117,14,92.01853210704807,71.81512534004493,135.84523910108803,69.85833905746459,14.147124852433901,36.86484805061207
118,1,95.13418059111696,66.16033180977286,112.31369134481412,81.26744892892555,15.917946074894889,36.39170295590515
118,7,94.70327640750472,89.93398773179626,110.98680351179743,81.84305598040895,17.153183087908147,36.880015554342826
118,14,91.97527893748841,72.96975129169716,119.25809707197777,83.19225105141595,21.087505872575928,36.46226039925244
119,1,94.07988133861006,71.4827088929675,130.5388922275216,81.89256943839874,12.109410285288847,36.93239389404791
119,7,95.65462715344187,78.28412155809495,128.09482195010662,83.05801914883443,16.405999109789267,37.060586548695376
119,14,89.13945831395276,103.96375080868535,131.31987818542038,96.5721211929418,19.402314365201903,37.49506193456631
120,1,94.4060831405443,77.78243899293194,105.87827299298293,73.80700843081988,18.40872687544103,36.734486118715004
120,7,92.7934128950302,77.78908005756716,153.91020886309684,74.18722005194859,21.750388902071055,36.9495135973349
120,14,94.12881860448523,66.55596039094753,123.73417488553318,83.42371932842826,20.04275888459063,36.44929275504388
121,1,96.04442788464927,58.35731823741747,124.68058000657032,60.787567933459215,19.830750168524226,36.958955321437145
121,7,97.21498497495851,54.80836634812264,140.81604421456507,68.451039936859,17.60859687553979,37.21108486400171
121,14,93.62835073686803,84.45821219808379,125.06875454393969,94.33012158681785,15.285627380193649,36.60394217154673
122,1,95.1343215787665,71.34144122431596,111.18882335632969,71.24373396882784,21.235000729152866,37.09902776437491
122,7,97.45909309541143,76.07195223284451,119.77641514642053,79.8435509487007,17.938333672539862,37.10085328020866
122,14,95.16353903759139,64.4213993545005,135.21224013791982,88.0109004220591,15.084524471095676,37.021092163113465
123,1,97.3457985777,64.4074894830013,127.55973665662519,69.07850169333106,16.89422876245083,36.68821377223677
123,7,96.33359118951529,69.63787679535993,116.83412711653878,84.36336662103616,22.784517912279743,36.251757603078964
123,14,91.72051867006113,70.53771317676546,146.1904951585639,91.45828466113488,15.482102267297105,36.74823454201663
124,1,95.38760769837309,73.06999357756435,107.45397671509325,87.08920365951039,12.638014670180821,36.6355883755962
124,7,94.7148962929439,56.485777404529244,115.31709446169145,70.98742150196857,21.99606456681831,37.05195285717614
124,14,92.78716144308585,61.24380969733302,151.86803085154247,84.54789351897189,14.016280052131224,37.36400076316031
125,1,92.06162630734522,92.25947254089176,99.55546436469322,70.0511319506657,18.200524645754,37.14887442704055
125,7,93.5696078331608,114.09312308302292,113.72150456521317,76.48719924830154,18.69239954380289,36.7782509283979
125,14,90.03260028806223,111.80637527642007,128.30115590778115,76.896117429605,24.74011563056525,37.8579896606602
126,1,94.1182788260938,69.04840272510693,96.6375052661404,76.31647142942185,22.769994110627582,36.94236254871265
126,7,95.04743810103928,60.19667384623054,111.0039653988852,81.7013748045174,22.061487398012755,36.77009696405642
126,14,93.56543271633956,85.89023105067952,128.98725647875267,78.41637505704671,22.4318460999729,37.07130539317939
127,1,98.1906267143014,76.20425604700773,107.94532186548844,73.34952605160636,18.03841498949154,36.615896774413514
127,7,94.71527695593278,76.4807399638586,114.87618401125275,82.33857428804471,16.679505315145228,36.634778886714145
127,14,93.14796225414483,91.69729100409087,108.84823459469102,84.48608622351632,18.750386516093474,37.22341543858355
128,1,95.83066797019647,68.58689944047204,129.76426168190548,75.87654616857913,15.121981712600634,36.15107725053329
128,7,96.84593891167783,79.79232241233596,120.9790817942742,65.27011454471302,18.045055867323956,36.79540540636938
128,14,92.19317670369244,85.08588774126491,148.71384931591047,73.30647578056491,18.668662403108087,36.55607827830703
129,1,93.80929327034198,88.73585572951421,135.47747153052356,78.69086030277312,19.396533586537412,37.1086162334457
129,7,94.10382687771678,75.99204621671927,127.960138212129,80.00581730957013,14.89314740054875,36.51124341254589
129,14,97.78314651117012,86.88720019538437,131.0213487921363,85.16869130962615,15.64995016833094,36.49745162764723
130,1,95.04051875492252,85.29853656568409,119.5655441325041,75.38478038604457,18.432980755178605,37.09031691969654
130,7,94.26984150175917,59.25690881617782,121.098258245817,77.3791470200115,24.79811279772416,37.48392361288814
130,14,89.14579671086501,100.07736439549414,143.91535818290748,89.15376807900176,20.145694871485265,36.80991159147976
131,1,98.25228820440255,59.314159537530514,120.55118483113422,73.48591871204958,13.489133242509217,36.62077127062511
131,7,95.73772566520812,64.75948535682411,138.6634620149962,86.5632885037124,17.37154766439532,37.281934720307376
131,14,94.44081088687646,91.97530441585035,115.2623347623881,89.27042003407405,19.49033956475416,36.72736388111995
132,1,95.34818191998389,69.71497384826975,129.911504469003,87.52798722844624,15.407907684171121,36.41001510053512
132,7,97.79922158363497,63.930367714346815,100.53113020068615,74.25834400818727,11.045926206122646,37.43288718201697
132,14,90.35693801888515,71.8948256728316,117.09178338038929,80.9787409055883,23.75406976522331,36.76993136729119
133,1,93.3338852709142,98.43548790097577,121.05559115125848,82.21692658492938,11.460499966630389,37.76592612006696
133,7,93.6489455894262,61.16380510429579,128.43571137397842,86.69339435360742,18.61712532250895,36.85966634437129
133,14,95.06768909923578,83.07165541142871,101.89554627078802,74.50973244855577,17.21746101371956,37.2214118764583
134,1,97.84581908290554,69.71114437758555,135.19338797962305,72.9989875649657,11.356974312558965,36.45765044280297
134,7,95.25973283760236,69.3212146811737,105.89678041111705,74.21469472350944,21.65140066756569,37.113646131530956
134,14,94.85978334665813,59.777946640248814,112.79692554148784,71.94167343332576,23.43293729627459,36.02484913234214
135,1,95.57857248934434,70.4448645676253,134.0930238244996,76.40126264474934,17.460936389027328,36.62521598314399
135,7,96.63735509730992,91.69932058866401,126.81519410019243,89.71960396459335,26.27525766316495,37.06739118996343
135,14,93.59256056261025,84.50596570202724,140.08805702894816,76.31632460680122,17.523009936648922,36.831136007971324
136,1,96.71855811700321,71.12879124806328,116.95810341598272,83.28749186926092,20.538450417786933,36.93605388487662
136,7,93.0786993195704,81.71131147069303,118.74174756732842,91.3900878391675,19.12492128120353,36.552228386018015
136,14,95.7255879597707,85.13839517371741,143.4914997090094,78.11378503846088,19.274154826945882,35.924613207508806
137,1,96.40282295003514,65.9869478877966,128.89109491788503,78.76528624423128,19.3800096821786,36.347294324771916
137,7,94.14959946114372,87.32067992266487,135.53191194117758,85.36654275346515,15.090285648897558,36.54233575726033
137,14,93.07151236067232,80.43829489975147,118.41805866341718,91.43225407366256,13.935277138554964,36.62347730829929
138,1,97.20344206088953,68.6309617736602,130.479030473836,75.84260992948572,16.80466320844387,36.74801839428934
138,7,90.94407879607452,80.84740778457922,111.98855195494826,86.29098530825753,17.091871314399782,36.264533867469964
138,14,96.43682287228405,78.77170419067701,135.06050497799774,81.15284965080619,23.964931049143804,36.34306725889211
139,1,94.23752606941619,62.46582741171191,142.0887770588385,72.87503405203131,19.002934792848297,37.1532566267979
139,7,92.8390456977458,86.45909779994248,130.9406815501173,95.31367126889424,21.77841223163778,36.57718545868595
139,14,91.68770415356224,99.0959601772564,114.36282832155979,99.24746580349459,21.068722490413137,37.61273396739671
140,1,95.43516120031244,83.87072122862871,111.58203190986973,78.43802486812366,20.993025188113602,36.65655640835719
140,7,95.25935404546945,90.03324557086188,131.32763368377036,73.70120982636189,20.93483094273104,36.77055056369489
140,14,92.41969755592032,59.28433677762219,119.4574041684028,91.83860459006672,23.495573109809467,37.011249432933184
141,1,93.74175433828995,80.89025466302205,117.39002044829445,72.99330031014131,25.507495860687534,36.600338393563504
141,7,91.12282119651171,76.93650941654492,131.63198530279467,90.81839673500342,22.528050199041814,37.145888213149455
141,14,89.88060018657144,76.05750743880311,116.08081583940948,94.16678265393747,27.430666149507815,37.290480226930256
142,1,96.91306586779154,87.68963682981152,110.18263611585974,73.8399675439669,19.582547469384156,36.024244587183574
142,7,95.75505812772765,77.56677754606021,136.87517003686906,85.16890482799046,20.26096202310397,36.59619023063429
142,14,96.34240372411463,81.26531992664252,113.52359972010025,82.14900296116942,13.934223751634681,35.546548482754396
143,1,98.12255764071047,89.69976766821202,117.60718819515334,64.91070596024389,16.049814531356535,37.008453869182915
143,7,94.53088058556989,62.3617171936597,107.94265638526652,71.68337642682084,15.937501144270046,37.18234930137453
143,14,96.11122200611368,70.67885682709371,132.10379950629817,79.89991789380107,19.93286236788451,37.08883313609553
144,1,96.01859915343356,87.15318279017819,142.14314447208932,84.77452304113412,14.859269295025815,37.00676431545164
144,7,91.02258414511161,94.75543584475855,130.78629654628173,85.65258802860896,19.816602114859556,36.88556515741993
144,14,90.17235527322094,106.91598723949393,124.70810503930409,81.1069137516627,22.24660371136267,36.83200081426815
145,1,94.02484988959918,71.00175116605824,113.19329121504646,79.24917419807015,19.805533138052517,37.22531193955469
145,7,92.56892537312517,86.70828483432864,134.19729358961246,82.03502781078826,18.678936220357254,36.94780835770252
145,14,95.42236871445715,71.95485932375868,112.2018297808861,60.849214513188315,18.661093936193197,36.78536673528719
146,1,95.07755582234024,87.05931817005585,108.51520208079022,68.064695035387,19.53285277247266,37.591846045224436
146,7,94.62866128489215,66.42080438442872,127.36080945073212,71.9418188131729,18.824151413702356,36.83288515725352
146,14,95.9651173421694,78.57088934190841,125.54270092762249,72.86118723154318,19.611356062703553,36.170910082978764
147,1,96.81099553064779,75.45262540534925,122.23555107184401,81.96022214697594,15.84612466223851,36.29656299058892
147,7,95.37276673278042,73.21212757133883,133.89220667442473,83.35283423208622,15.816360593092675,36.6489392285632
147,14,94.58247426490883,71.99662148197207,130.2069384246202,89.98196078005361,15.49241060128181,36.76223475062502
148,1,99.18590668231532,82.30151526358435,125.02778248814667,74.79379948371992,19.612039066475727,36.50413018154472
148,7,98.294931458879,79.50094533548106,124.4466619682932,85.40202634328439,13.452689974204219,36.47584078791709
148,14,93.00531867739778,90.86527302847561,110.76165263443087,80.17882477356552,16.25081088246833,36.800148278667855
149,1,91.83438580815967,86.41611399838284,142.95530616862857,80.32324518113208,18.543836102490328,36.943557516969044
149,7,88.20262690015585,76.5728757233558,151.10741589714345,78.40154902481112,21.607886522478903,36.3212217131668
149,14,93.04575137634599,111.70720088441321,147.62997242303152,69.47327813656673,24.661813232408875,36.85292555657444
150,1,95.0022070665247,97.40218897172979,123.7881843663004,91.0862129810249,14.441465943052846,37.16722797577136
150,7,96.83357804727719,85.01801757107577,127.14900996362059,87.51434517388219,19.99568090868845,36.76975032400836
150,14,89.04987364920962,99.11967376559237,120.39861707715725,97.94306802323115,22.82773750566143,37.6742709817595
151,1,97.69637976224082,71.71794612505441,130.11573846456332,88.783724029778,23.449537093642704,36.63990682909988
151,7,98.78819525552832,74.20795198797624,118.57602881541371,79.04749692462482,15.291589848931427,37.134982907461975
151,14,93.03876179752322,80.60653131450864,139.40572816042476,68.09146375499624,21.18424988012108,37.54429100077845
152,1,96.95923077187146,61.41169604212142,108.51334066611733,104.14936981954844,15.020243851395872,36.45272862139168
152,7,99.2215213263525,79.61322971254816,125.77378700504353,73.2042048724701,25.53740908243494,37.1203496644074
152,14,95.4450128586842,72.07337935445159,134.08925198677673,73.63350754847573,21.977189973428175,36.60220317126043
153,1,92.99555709927891,73.96436959866958,131.64416077774965,99.91925478421832,20.854188599404324,36.71665496551462
153,7,94.03363928623834,91.20066425436367,143.15250356510785,90.27857724038346,16.878769445066485,36.84704975265733
153,14,89.36517331238942,87.68990531228067,123.93945769106719,81.37031285765971,23.748036791715343,36.7969188497562
154,1,94.60609404931056,57.479376725358385,114.04304985942915,82.87972005877474,13.773630893050736,37.62131738287656
154,7,91.6248657676007,94.71427420914843,119.26598224538661,72.61215156862093,15.753930619980236,36.942219669713715
154,14,89.6343357469554,76.35360084647292,116.85948232995158,106.48614372577244,27.413175116180874,37.05849086930307
155,1,93.45706555708138,61.96059691013369,121.10765051287743,86.03515928200208,19.21138765382898,36.20535076899626
155,7,95.71094487040207,90.8980715963649,116.04529670068007,81.74852001632199,17.037070452690084,36.85274230799124
155,14,93.27348705277075,47.9317164601891,115.9973188991788,75.79038955385514,17.96107390154281,36.69862763463857
156,1,94.93772189596855,61.10373870799199,123.62071147689333,69.85457109587094,20.754176626892175,37.017383145479975
156,7,97.97601716599019,62.27423867477338,151.47656953091578,70.42123962649049,18.86441219562546,36.02048543547813
156,14,97.56364500176332,83.92881504358563,124.53259555125234,74.58810911868598,11.733550900577931,36.630212642509605
157,1,92.8441520290607,60.8805893054597,115.23071930550371,80.28208338411872,13.714919148135813,36.85822004567054
157,7,91.61997027216249,84.9029456331032,139.56624486146507,87.16484804332826,14.8469621751883,37.17726028451581
157,14,89.50551551719573,97.73059891168971,134.706218807099,67.51902062806798,17.32894442882642,37.48146559611647
158,1,94.42040958890604,77.78728814888653,145.1678381574967,85.65430589152838,15.646060332827883,36.56555048993194
158,7,93.62007790965865,89.21447369542817,133.9709508922505,90.49614933399626,13.473843454455748,37.23743090703667
158,14,92.84162868957249,69.63853046447203,139.9934726409531,76.24823764018238,15.963558160725707,36.57731649904357
159,1,95.29274942008024,80.73216670953413,114.76859071684522,67.90839664788957,8.0,37.178330075979375
159,7,91.05530479732285,84.80935001830524,128.56797070640684,75.76730522777005,17.25911897026411,36.696026421826204
159,14,95.37429356115301,72.9238376334321,118.03714182855828,80.16640341335155,16.317822005715787,36.40833083642158
160,1,96.87657607309032,64.60466540946355,127.26724603733385,82.41195976715579,15.7676603455351,36.584552018102805
160,7,95.55186368212891,59.24726519330202,118.0568458180386,71.66982048597455,13.219878318111519,36.44029072836149
160,14,92.0580146593511,70.60879463438462,113.56388689830872,71.51192473717161,18.50222514794334,36.871141185649506
161,1,93.88508164004074,90.38363442951109,104.06953132995471,87.61340022076338,20.614935792317528,36.665209740361554
161,7,90.54562559082486,87.86892257806271,132.25637540924362,76.43968001960963,19.195533747279445,36.900416262082274
161,14,90.6168989346936,72.23519313347974,146.0280418377537,73.60379378123797,20.010473611627578,36.95652407657358
162,1,92.21422036755249,80.60302353248957,124.92886656073928,87.1694574337396,18.527685464693786,36.675183935417515
162,7,94.92430723410652,59.94230667815788,122.98686839288136,83.39584276299276,19.33157560652692,37.19511248578971
162,14,92.41556363211164,74.32671263187379,113.45849433504004,84.47436416949127,12.160936221727937,37.250749054648026
163,1,93.81103157279126,86.08576429728654,119.80968798805841,80.87808197835352,15.066503214134618,36.49522364515129
163,7,91.20928775445991,58.80025653959873,106.46292724697597,81.37727982830657,16.94810792708886,36.90531299492637
163,14,94.8808443227818,89.52528390924931,131.6066221897053,81.58656706953415,18.275971166517156,36.53644767807283
164,1,97.99914801915004,84.32929568831038,121.7218467580209,88.57865216821429,16.63526386334269,37.273337387553426
164,7,95.59775471330185,73.8942498055625,127.71390019952631,97.1033437026731,17.30714346945656,37.15424501080839
164,14,93.40199482911596,79.18450177824998,116.6812592836053,88.19938505756137,18.352163181667457,36.87794743706327
165,1,98.71031880003964,88.36932463204924,116.26546098071492,80.36012622507003,21.869475118128463,36.90890784869655
165,7,94.05198086990528,73.49414289735662,149.27109254185885,94.20431556509291,20.164311140008586,37.10916204697164
165,14,93.61956171952251,93.96705118798307,123.14721181309311,71.8522837468524,21.766730230280384,36.68350956541445
166,1,98.76830838065351,68.7195791608414,119.78411980816712,80.83637976599408,18.773290625656674,36.877444928872386
166,7,96.07347196535768,75.1055191638227,128.4877575811657,80.04962417796602,15.915769860589327,36.655775137005705
166,14,95.82857868512097,60.25599285578852,158.27710703781904,93.6683699512091,19.303676890777307,36.87831075754071
167,1,92.91059292685173,84.2516509669001,122.8153481173165,67.98207495236198,13.030814210401601,36.43247568013064
167,7,96.52748450726732,63.50704681419043,141.6830003184206,83.72966834436917,21.721862935558832,36.68396418091745
167,14,94.03035973364778,70.53815126955351,133.62044694689246,77.91893793446732,12.730249196857853,36.52754173637606
168,1,94.01512776403945,88.82157813832588,112.78479204267725,85.16479523246606,21.177207528107832,35.97759332451639
168,7,93.90586320155319,73.95568396201769,104.87828867194658,71.59314289570912,15.825042507623627,36.625141624439216
168,14,94.26587110550264,81.58470782826801,109.68091249157786,84.03818647315347,14.325026283774228,36.76881356737865
169,1,97.30245638165374,74.76513821600953,149.0252001174805,77.75822629192963,17.360656847046492,36.733114325466744
169,7,95.26505750276887,64.80873819321445,98.28818831855473,76.35620392742928,24.497411273334045,37.363563056411394
169,14,97.54470758747453,70.29031837458294,133.01101698947886,82.0168299861336,19.642370852088384,36.607320117702336
170,1,95.20732913102543,64.37079168388112,126.97353560274355,73.94233947615938,24.084528578255185,36.84157517147604
170,7,95.93374366435177,59.002058468559376,107.17528202245059,71.93731120835008,14.254281468159885,36.68729546035439
170,14,93.47430390184036,73.34296352463234,117.56710555130122,98.88420015981882,22.868908261559632,37.36470245979641
171,1,99.14777744280822,77.1575633631368,100.97814014803738,61.774212381596314,15.907518174275593,36.82555277847895
171,7,94.37045299418361,86.05245144874708,123.8404830395993,81.86526299544246,19.714593871039515,36.43859519681478
171,14,91.61631308190215,80.5176564704638,115.21694050374235,82.4013689337438,16.30240032811046,36.318691757496595
172,1,96.65866669083998,79.03868873348588,131.0666981464619,84.8596181618981,16.106752533104103,36.57461349798904
172,7,94.9072184007752,66.36979168849577,117.63491842633594,71.72922360413926,21.78935083401671,36.795302855572444
172,14,92.88836234002625,72.5839121138833,128.01558600522623,78.10847109004516,21.000777058267555,37.488285842209756
173,1,97.98107357153923,80.40469134387041,118.60333606516147,72.67521672779847,16.628662975541157,36.741445763763764
173,7,90.70154771556288,96.34782886462233,136.0476196959728,80.53570132643078,22.601816125602337,36.879476401163956
173,14,87.77712172375018,77.498567134237,139.17132153040896,83.79785683666024,25.196445146809637,36.47861198363313
174,1,95.6703466277589,84.62166322999902,111.79312031102026,73.53727512283102,20.13381198767865,36.87731867999249
174,7,92.8521892645024,81.61134108154255,129.7952684205567,87.38125103924736,18.274747166514082,36.86322938494941
174,14,98.48869015063799,93.36327249010213,100.84391525659146,78.55120836272692,15.942174871251574,37.57631715856848
175,1,99.00700478754541,74.39887060594128,130.9593554456643,74.81922335647172,22.082440053430137,36.49333253562007
175,7,94.31683113520894,85.95811747946398,136.81591607586182,99.56602974362684,18.571316381786193,36.33980150396347
175,14,93.38292462952413,63.8577198251184,98.80392996406532,83.23975646777208,17.63849597841744,36.566943972641155
176,1,93.85354629865282,82.128016636999,132.02300251550776,78.70334483707315,15.609745171095536,36.96851981434913
176,7,90.94316955329809,70.23064817721405,126.6047295116055,89.59089758761965,23.705482797045285,37.545365587795175
176,14,90.0831490885973,107.44541326121278,127.57137366292616,81.07033604938555,23.95741880071576,36.972185485564374
177,1,94.44834446398741,107.7567776484325,111.66342179171977,90.05981808244947,16.463725953120665,37.221706236063596
177,7,92.52214910480909,88.66289288702697,138.14310002270665,81.33424243204904,21.36446278545706,36.10789117341015
177,14,92.89753699893981,79.64937746230395,127.16213819602932,84.56563738301908,19.22647073914096,36.83119629949491
178,1,96.76691053907274,71.29646697668792,123.46967460547992,67.34045990640425,16.160991568006697,36.15022250443069
178,7,94.51566610619201,65.70424004020633,120.35104367366965,81.11204291504133,13.382757394890895,36.43382216074014
178,14,92.75741968355094,76.0971906597533,127.73783883827655,90.14848160999914,21.667560081277948,37.25952073947628
179,1,93.64401557734836,85.93841640871858,130.21660952834728,67.09943884676518,18.25716839680643,36.24125572700585
179,7,94.72686673286402,81.60218125051932,110.39815659128098,80.04459374168756,21.193604869313322,36.43866407539677
179,14,99.56261966960169,50.44603383350754,135.45612625279222,76.51837999359846,18.933863494741445,37.145407997143195
180,1,95.72181375023138,57.5497273245455,123.38233363618923,67.05493818938413,15.937880175269743,37.490533302663636
180,7,97.29826895039398,73.29126095162763,116.27794178456013,72.90654486607701,16.25527723151945,36.94157931472343
180,14,90.49503898198552,82.31357503563883,116.47842162347371,88.2795342234614,16.792920501891185,36.93225826316214
181,1,95.93855622506737,62.05921070052834,124.26553980830407,69.53481935849798,24.261451938835854,36.94862447956143
181,7,95.19343244810433,77.85568914730177,101.3935830763064,86.64482083930154,19.533369064212128,37.027260594271056
181,14,93.67086841798769,97.85867683570034,125.92229998635261,77.95066396230783,18.86746277015757,36.59824257985157
182,1,96.74621265097751,66.52238275688957,129.23186056637135,73.37395912686215,14.372835820839159,36.32901699903037
182,7,94.86130201280392,69.55166313073332,119.86598911834629,68.96268171452454,16.169024508297188,36.615619308726984
182,14,92.18633934821318,72.5872509995772,109.27600789820255,81.77643581110185,16.506820952494945,36.73401061790131
183,1,95.03981259421003,64.92285948449566,110.25643653771556,92.35453407955539,8.991439938919392,36.921062354788106
183,7,97.86719836507345,77.26240049639699,124.12756105270512,91.70837203433527,16.732524411925695,37.428934046779005
183,14,94.39379046484594,76.3318184960891,125.16795515725207,90.00697287664794,20.089525449423213,36.69320024466337
184,1,92.48417274908066,58.52048326540268,112.93322800661616,72.9265480921313,16.904469380724795,36.529086105091125
184,7,93.52946621551969,84.7885339765252,118.986378724117,81.01704822975098,16.73813806414918,37.0754213047394
184,14,90.70996546361232,85.34145639570033,143.29657239712796,88.3511067413919,23.25658963629829,36.92829411353555
185,1,96.88746795851111,73.26391870396344,111.09986236629919,81.65486160281712,19.99505974902011,36.523633270860856
185,7,94.52581512082975,95.09920197422525,129.8364111863055,79.69684626231087,15.93045758486902,36.532417458276434
185,14,95.62026951607479,81.7391802708065,108.05830478852039,74.59309402515682,15.851307176959232,37.56540927126958
186,1,96.00363622621767,80.42809969535023,97.81735506230514,66.11509742243499,18.690482894078105,36.761338344192794
186,7,96.78531149297554,73.38899579782291,118.36739747258156,81.58745710062757,21.6874786554938,36.991926059240676
186,14,95.8944538078909,68.30417573031109,120.83364793631853,91.91543891740285,21.655816430169896,36.55637067737034
187,1,95.75616236358917,68.67630417951547,123.01693274791555,81.0472337140746,17.43671681836477,37.29582746535917
187,7,96.27869511921021,85.18720075435014,127.76034018251549,82.04976820065168,18.46579184616839,36.9417348227102
187,14,91.50551156759423,83.69598068419687,105.49775382445709,83.68793688660624,15.596108078247607,36.38982605602844
188,1,94.3984486201686,70.5971954284184,125.07564242308194,81.96415844597425,17.905919992531754,36.200638056443886
188,7,95.78896215957396,63.51757785337353,113.21338535939786,65.97310331768509,18.658880586400073,36.70282668887131
188,14,96.1436388274288,87.79235890258876,119.95255919022621,80.75813835975028,18.60065203319342,37.23501382450833
189,1,97.9859582258311,58.430803943342745,111.30989506780443,62.14399717699354,11.841862855131836,36.69962663414475
189,7,97.53649071143059,62.935683278067096,124.28308397448646,80.43206104476096,15.650813340672343,37.01440058028244
189,14,92.39346068786351,63.525986068073514,126.6608814133579,81.2268985163295,13.266743164208044,36.695026792785065
190,1,95.10686399092819,69.06734856342705,137.7871925017651,73.19317283776462,19.057694659580708,36.937964585931155
190,7,92.13209668035738,84.23244853122286,113.69909229044693,99.24049440012209,14.751004846176015,36.806093969310055
190,14,89.06721748683388,80.83797795459027,138.76982013178556,75.60362997560505,20.553895971431817,36.90835221145947
191,1,94.6642963233748,85.67870929894812,127.90508547454405,69.64999585444183,20.220100461758587,36.902836497581276
191,7,95.80642114372276,79.76389571403053,111.2925716281928,85.2120000154605,17.69512036377353,37.096605768137096
191,14,91.97281933822363,85.53731147122403,111.8706093173548,96.04891159133905,20.876025110158512,36.65537070027731
192,1,94.97044321674105,57.98063893433637,132.68549184525602,89.46504442441449,15.879487751499113,36.36001879060415
192,7,94.74538042341666,96.0725052811623,107.19761246960238,80.78287664284666,18.15112725242523,36.88906245216746
192,14,93.20829508608762,71.25636250695223,121.27048046250493,79.83799850739328,21.960115897577285,37.288748974134556
193,1,98.66348390157493,86.72722930791434,115.80114770708165,82.92878062586517,19.53661399298301,36.204210523664734
193,7,97.21981379701974,65.7282002380519,117.04499118006166,72.05754547938875,22.63477363368412,37.27069111635539
193,14,93.53855031838046,82.28615036137455,123.3094469867429,89.92457284934665,14.971140482837333,36.382641141615174
194,1,96.11239424586935,78.33448260775023,119.94289001236444,78.20341433069726,21.32824668855995,37.1408824425192
194,7,95.8534661999285,93.49622584982586,138.27506835978986,81.44996785642209,22.315479465515377,36.87288361423023
194,14,95.05310260177266,71.94297911715225,119.59597150396978,88.0287885690801,21.99423921534065,37.12650770789167
195,1,94.33812863976833,77.38665462223108,112.64656795806353,79.336198744269,15.815536039264991,37.150548131705605
195,7,94.07160903162423,86.20154506056957,132.59584649472322,93.68067815605535,25.948090089370655,37.43263235514247
195,14,90.55646535495605,103.60331747052987,130.82621349884604,87.78593657198773,19.985201234562826,36.43036760686709
196,1,94.53119548510416,81.48881975234211,112.73579639101936,82.06052341792775,15.085554946797933,36.556904368100355
196,7,95.14658123016,82.36482293508823,127.53478488282656,71.65433240457236,22.737575848068715,37.02621785734159
196,14,95.80432558448068,71.85198257603864,122.00731925842943,82.34416242368104,20.652254063923124,36.5459023429099
197,1,95.86249576098679,62.496096421940315,136.3811664424005,82.41239849635784,18.511690711491042,36.98100917516831
197,7,95.5680441847788,77.26974389922367,106.18245562570053,75.74650249207987,15.234152982544794,36.16013080955818
197,14,96.24056029590758,79.86173880477105,121.55862998603573,98.03657094422915,25.751783950881464,36.28275147716049
198,1,97.98283115359047,69.27610795419501,115.44524879991054,85.52197942741147,9.679757334704608,37.45413472815976
198,7,96.96702523648852,96.80877725556459,120.79428547850503,73.26419877271856,10.944852568088967,36.81302065749332
198,14,96.19456555685983,96.27833603922895,111.34087434121616,89.49677202026476,16.64634929536618,36.78540782115085
199,1,93.654034015936,70.96842980642859,117.85010964526886,69.72363353216103,19.517178434542718,37.02565797318627
199,7,94.63485971366748,73.79839913233829,118.41105817416917,90.17763199984434,15.96620610480886,37.10813159592436
199,14,98.48881249691058,77.11303451449787,117.88330153268411,89.74687913297117,21.798101934527963,37.47202308871894
200,1,92.17449975724172,89.1767852083497,121.40526112361843,73.01709258275861,18.267382563684617,36.99838929040451
200,7,92.90245127424787,70.95529214842496,146.43214493397792,74.63167474539419,13.585788480101652,36.8886049365732
200,14,94.29107004876394,79.09920901423499,118.46668823708286,85.38757123205089,18.78189052239709,36.40797765344023
201,1,93.54324636805636,78.68841563007675,128.08087044969133,63.49438654902057,22.76654212801118,36.37053074776363
201,7,94.56970173875027,70.2734183340897,116.89545100153197,74.79114388404847,15.209174368188954,36.52927912777235
201,14,95.31308703064839,83.91130897844666,133.5997195421634,81.75692398103783,20.130223990182,37.16923481690127
202,1,96.6391730800291,68.10473378388369,108.33668056841032,57.32779197212954,21.97146870888991,37.451669010177454
202,7,93.4247578507246,83.05657358999851,143.1219288723245,67.93915703701242,17.359456860866672,37.328694697826144
202,14,95.09408984337625,70.36973457415155,127.10438956584797,73.77147349130674,26.12173148354989,36.78079404166241
203,1,95.10198470096039,68.8733584252331,125.00420877155229,76.92693204387031,15.385137880297265,36.674511775085755
203,7,97.49694925170489,85.60874244264511,111.17918918824951,71.00064163328362,19.221971036821852,36.50879524828125
203,14,94.58878656464869,75.80285620117215,105.00579108207599,76.07730835424239,16.555375156309466,35.774288785266556
204,1,98.4023678485612,59.80055917755269,116.53208762205425,62.48921776957288,19.605611666114655,36.751859763306676
204,7,94.81840150051129,75.825781577459,103.33679334918072,90.28460266099066,14.25682811687961,36.582014094616014
204,14,93.38430857041871,68.71126022656621,137.86541208820506,81.89750124089232,16.29501013849114,36.58343906042409
205,1,95.57593711097095,84.86138257176789,120.21341235614881,74.64103715736661,13.416488775734313,36.575557041255465
205,7,95.19976391653017,64.99313835370984,124.36067315602625,91.81888630650715,16.093406274650544,36.727188513460455
205,14,92.95519289960599,87.8135661008362,131.31637757758648,89.22587914415381,16.860448987483483,36.848423376083396
206,1,97.31367542442969,81.74373800948119,136.35443507019963,84.82248011784094,17.798963299357162,36.91961077467308
206,7,93.4803107582123,63.561391182786885,120.88751930611768,80.8601032802712,16.391416770159974,37.02834792395507
206,14,92.66448762001407,73.5993237319572,114.63512497205868,86.5829803136879,22.363607571842245,37.36152054077963
207,1,92.59493618532835,78.89068720645146,148.39745977746887,70.61446425472143,13.339179562517494,37.19905795750362
207,7,95.60713953995752,60.855991056801,108.99321290702501,73.39469221023253,19.008565523707862,36.80819069182803
207,14,93.3786640577591,76.48701909201026,114.49730441769749,95.77517274445961,16.945017991747253,36.715173270132965
208,1,96.3722824905033,72.95264303593964,107.90391410945932,90.70448896159827,23.41068715155987,37.25814271029796
208,7,91.09136514170507,71.81836962965923,106.40331535959815,90.25682425551702,21.682530132783782,37.31552066876886
208,14,92.16528914101033,74.18612233942784,118.55943847184821,79.32926262925638,23.082813658399047,36.673783485384035
209,1,93.95989188271017,68.57630400337658,132.25940942870076,87.30900770108973,16.912548820475163,36.2878682854118
209,7,96.19853575620608,49.45191968994355,133.5338752623231,80.07515429584276,14.797593440940238,36.938678939437125
209,14,95.13061130560644,89.824309641441,109.57991983911602,83.50183098215362,17.892840088067786,36.955551345899266
210,1,95.67397369148527,70.43306332040432,121.19022824629715,82.2664498458792,14.823649047340501,37.173840226390325
210,7,96.16367063568526,81.92658278982566,117.1604315571795,78.86434040152581,17.071225923065896,36.7507784927786
210,14,95.41864995172604,90.9694970636441,112.54615343977416,93.7608319740267,19.883001925974593,36.506162151639536
211,1,92.9428167058529,75.55489915523167,122.12861700707136,83.52619873348905,18.652446157924466,36.75291669411631
211,7,92.27189247192328,74.71963969714456,105.61549676108281,85.15088383123816,14.657724143237061,36.81544976021623
211,14,90.83926698368774,110.50893189708286,110.07757651827184,90.22578760990295,25.893029554719938,37.782304485797575
212,1,95.84631999781145,76.77629783428189,112.1497046315166,85.59468376516955,21.30155938559252,36.55003361004214
212,7,90.21971751803535,88.55095977538721,141.1708850461823,85.36021819966008,19.29107238339448,37.1881283447722
212,14,88.1614660028387,84.73862238763962,131.23188785039048,86.4264789400166,24.428804895661763,37.14490708618225
213,1,95.45381224747496,75.04918790274077,127.09268917760056,91.0189616595996,12.810611595867718,36.66803715990188
213,7,93.54854573959948,65.03781187430116,127.19032593692341,80.30909742910859,22.359735420801833,37.09468844603217
213,14,90.35450298185658,93.04675759117141,112.74723363717358,73.09105404192047,19.769365825423378,37.01928470793375
214,1,97.38315809074905,50.066795845954914,121.61272176761611,93.55153046138129,12.232806991948756,36.94903101418305
214,7,98.69809808400271,100.63118645270238,111.92273569605128,85.49528763485398,21.737883870679887,36.97560687656873
214,14,92.16080449056557,76.13249402404496,126.64361873265555,69.6279722616451,20.959602759737233,37.07324455411612
215,1,93.94936052642895,79.41552496612029,113.42758011034987,82.77767799623824,22.177498587101624,36.90921299133459
215,7,91.40137758027974,81.57339208583177,116.59677962349636,78.60460236070665,14.2253539218944,37.15454430019612
215,14,90.66430176008932,87.31896090243136,104.36945610514422,66.60355084950271,16.47034123427656,36.806422863280666
216,1,97.62854531738412,76.80347593691336,109.68098740937873,85.44622937892723,17.886857227316504,36.84234118560537
216,7,96.90855121116206,83.9158137624226,137.13814193568487,82.61811002426779,15.29989332842336,36.77040959338224
216,14,96.29543694428558,78.52813503202678,132.96173572102333,81.33438972780546,17.40561110591125,36.59785779167187
217,1,91.55665352113326,55.79855106428065,96.48056723490527,83.41058356444078,15.584279291492948,36.778536305190464
217,7,93.07787649641556,94.22759387981785,103.41309563935589,80.22235793033946,17.607422459000635,37.63145331841271
217,14,88.68375534403135,107.05823968046941,148.10799291880997,81.67401570290468,29.078727750076787,36.52519764872415
218,1,94.69229140016894,77.52694306880001,128.4018062882855,85.3009531141249,23.442064697219973,37.136463048979984
218,7,96.61251517288606,88.69298625072098,131.81326544053906,98.40753986243507,23.942598737343904,36.51821070024108
218,14,89.75741356778678,89.84692163564179,155.01263097977946,99.39933824897555,23.94814151908586,36.95276940466769
219,1,94.27544883382802,74.61832103982749,120.21118048104684,86.63395480024907,14.842701310072213,36.432032034930344
219,7,95.29119623265471,77.36721998393196,142.64090644624736,76.46284747088106,18.746132283400957,36.90226985421869
219,14,95.00493350485327,70.54825919979382,129.83156937403618,88.66859806398914,19.491489653147973,36.89418106802658
220,1,97.47638968209507,66.56597576333291,109.72556923500474,72.93270120395965,15.543272977622038,35.97612307138181
220,7,93.57299834988545,90.55029442171256,126.5606194729949,84.60367212088786,13.084023729513687,37.117619115450196
220,14,94.28712923037278,86.20238620820497,134.47816307439587,79.86818851397834,20.23607057239831,36.87628764929156
221,1,95.22192022480031,64.27498909510939,127.52525537175954,82.32614844976652,16.194797524224246,37.19684495871315
221,7,92.73267050262702,104.39772352163281,132.60979985596336,66.86234744132949,19.25428523308137,37.095563031913166
221,14,90.87966042536696,95.13913433349622,142.11800308764253,85.83804630097573,15.122096673114392,36.93821686268524
222,1,95.51771178763045,66.2381184111773,134.49597067846767,70.87380680915105,9.073178829447807,36.85035233808228
222,7,93.01584048067625,77.80545698572737,121.85664192933025,78.21784796233125,17.454618730095444,37.50322000730215
222,14,93.9573966634054,88.42041802389042,123.1492856345577,91.3497946838808,23.994983024761392,36.27595489571073
223,1,93.1888575878236,66.09846905050425,103.94119781431807,78.91801730509043,15.85390193001305,37.03936953534627
223,7,96.24188246530518,59.675165547324646,124.23790253155862,77.52226219345935,16.66011223322679,37.04824017917086
223,14,96.04502339498414,67.51764122631445,117.56050727977954,78.13950211754445,16.716738442477034,36.96869133069632
224,1,94.07677040631059,87.9180323197662,119.01708026071827,71.05815039523306,11.075316243806398,36.501725707908165
224,7,96.09752385438696,96.15647525195918,137.15977391746708,71.16076202720684,21.305823697324673,37.32219279927777
224,14,92.84797918394791,105.93606835544462,115.99952029364788,81.30512311161907,23.708595861560894,36.384062570626256
225,1,95.76847169472701,80.75228382510306,130.40121126646972,77.18554007991101,11.79040633187857,37.011017649517775
225,7,94.90776916410022,77.32251317879474,100.71761561655539,87.69941214356626,19.65826232295994,36.64820322255724
225,14,96.6114377019175,64.54417908645868,136.34443754455702,73.4270757785372,21.188210605225578,36.834805028323856
226,1,94.08409566106702,90.5743275465942,119.96199678376988,96.03527016322974,21.611443484104957,36.62551834140261
226,7,90.35909574063044,86.73319984491738,110.06576492908724,97.05218065493752,19.8100695578936,37.032901691788936
226,14,92.32473688424473,105.55139632130101,138.2853968237545,88.03179339764738,29.012219899603934,36.68302812802222
227,1,96.87238213167758,76.14737302772984,127.50457880602973,81.35084742848953,20.150622461090737,37.17956783161077
227,7,96.41975962685694,87.75859386169242,150.72736607552514,81.98725751985725,12.649912603034075,36.96756185990102
227,14,93.58541363285582,75.19325850180739,120.01608579360104,75.80094448513944,18.679212903306247,36.36471066151671
228,1,97.52809758864053,84.89656080981891,144.3507940955041,98.53086981172942,10.39749715952239,36.93609272716295
228,7,95.78512859368827,68.76515311963895,124.30536228080348,75.23916831792324,19.412455935815277,36.9511119187466
228,14,92.60008339932011,81.44800614039772,148.82289205501,80.43906831546785,13.467771884074871,36.7378857050559
229,1,94.48959848643821,65.92386860790202,143.19400382745837,94.72497530812818,19.036755201651204,36.60682528632147
229,7,97.49180718723179,52.52211267268769,114.9175875172292,85.53886157036685,17.429052980422362,36.552676867860484
229,14,94.28418740223859,84.28306270968122,125.6326247031581,88.99581983273643,20.864678038180585,36.945290718029675
230,1,94.94992940951518,77.96638947297596,123.52313219793936,75.93096025214092,15.640444448737766,36.693580199504154
230,7,97.21205196536899,87.89110885606141,142.45461757829057,73.28962302930994,20.261948575165317,36.2173776358644
230,14,96.23659238701543,79.95286308849744,129.79355780359242,87.36797816042315,18.592762517725067,36.61312732787315
231,1,97.87996188788765,80.81554129344495,108.966582201843,78.8985468555034,24.208093155454538,37.26030259854693
231,7,95.0068331757544,74.11139553929392,123.6033911929858,88.11756458892673,20.15237329270623,37.39058990832492
231,14,90.42131129626127,93.12994254931782,126.53305671709852,92.23660082885853,26.970300940072466,37.371931088064485
232,1,98.72700903325142,88.80273474544951,129.41948088337543,66.42594618258819,12.939914929234934,36.41287075657747
232,7,95.12841842483142,95.19467227150064,126.02421533283918,85.20170378873796,15.987222556885786,36.625175785978634
232,14,95.71717016865604,100.27877565082437,128.86661763285804,70.99061581966689,13.05912378481651,36.81785241750094
233,1,96.1763764640934,72.79125131087876,130.1618083168057,72.71510384453924,17.67707138814459,36.59392687811058
233,7,97.29763525253068,71.79192951524456,109.09270469142949,88.96079561442743,15.326280152625232,37.04518451078378
233,14,94.63630431623692,79.16878810023083,127.10116136466564,99.36663546076859,19.36407530462102,36.75561913392597
234,1,94.90796107224568,87.74430416212762,114.09907145333268,85.44386113219316,20.664134687614734,36.7587226690875
234,7,93.36205103060136,88.0751695842792,137.93126333057228,105.45777209103319,17.56205445356126,37.1619312343057
234,14,86.71821998703604,92.1570800257504,117.75520412558345,82.13226509641098,19.309582838765923,37.08402731813298
235,1,95.54315685971136,69.98643138322149,99.26310895345078,78.07978136781709,13.906946401579747,36.96369330442259
235,7,98.16187278334326,78.4753387048826,124.09805169211688,87.67673674406662,19.854493948139282,36.818886570378716
235,14,89.17041340974504,101.68734736135993,119.38894988748422,72.4250030613844,14.057268444174348,35.84897303780285
236,1,95.21171635136282,86.88552995423112,123.33802070653856,80.48098893131564,24.75986193071996,36.904630902156576
236,7,91.68195233382431,84.78196932445262,112.97250174074064,74.3981597690954,17.941456208466107,36.80156082249776
236,14,86.78770882849622,107.43837136608016,126.90954277841617,99.49379308918805,25.564900078673475,37.19563974525317
237,1,95.0793642270256,70.02774086034081,108.09781677744793,80.87578002842132,17.801140741356782,36.70770600855955
237,7,95.37325076892253,70.85388995962137,122.8097419390942,82.57560641419529,16.310309249487872,36.48596906780046
237,14,95.54624471560678,54.4922116173515,125.1478508234468,76.85384531679139,9.043735844422418,36.23968289082597
238,1,92.81191992994135,78.11412271522074,118.63054334937398,85.77776719973758,17.744993575649488,36.999291297466826
238,7,94.44576506642173,85.49565432601244,133.91978242044837,92.88639188531147,15.857863182672443,36.61159474137431
238,14,93.13714713014905,90.96984289453873,107.2232295321373,84.19576626281,19.36363828631176,36.918933208103915
239,1,94.68880381256277,75.1165950371204,133.62122039661085,86.89217016614737,17.778710203853237,37.07577741095746
239,7,93.15408449994025,72.32739387933215,108.35993430550167,78.75316528607436,17.000821138938452,36.63819883882344
239,14,92.48873314204229,63.96238939814978,120.59393649799412,87.81745282285704,15.516395772326423,36.32509485792405
240,1,95.37209062722906,74.64013755421422,132.9305825823794,73.61052936510237,18.726908343005167,36.661760143976004
240,7,93.32525304613938,76.47710351427145,123.57468196685193,77.28723751836799,18.156307068542436,36.575283975289516
240,14,92.59507490101474,102.32499671637723,110.90353865627281,78.54682211270809,22.390168257478177,37.12166140441539
241,1,95.76557614489396,76.25054709980559,135.2210485976528,66.19662215336241,20.666799162143384,37.16369000812781
241,7,87.83447514065094,115.59372773246285,131.42272678090944,69.4980057745847,26.884177979418723,36.52555763709497
241,14,88.91102818936027,111.92665823056917,118.49096913596351,84.2730680142619,26.019870531765196,36.98218835460529
242,1,92.21452503364958,78.26065419613106,121.33254291905813,81.62657061343052,11.540509953754935,37.55013996413825
242,7,94.77911091323351,79.49591159552868,132.07820109800014,86.31010833263694,22.284102024144513,37.0612000482298
242,14,90.14727833064097,99.17065892833882,146.3123737870336,78.19094331908818,22.962679548926225,37.65847266574387
243,1,96.50044260451304,52.35420296780453,129.5819807740631,84.97287167717933,18.871325437968775,36.839675143461584
243,7,95.85833684863205,67.1943913416836,130.9049071387496,75.46136144945602,19.686223542063743,36.709440599325816
243,14,95.6068021398929,94.1329852375203,135.48334617977926,83.08967757472203,15.51887090756355,36.823172903146975
244,1,93.46826570571737,69.77201114842522,124.93898569143178,90.92849257770794,16.014118608728218,37.325838210338006
244,7,90.89091111523523,78.78654128854912,103.45340221912498,89.98235174150156,16.286853833606585,36.779452018917695
244,14,88.7366654670097,94.75569491104784,122.41892424077778,78.81621268338904,27.314405564005718,36.81433578923257
245,1,94.25002753489593,85.49300760378954,124.51663805217586,100.77666058717568,21.030780606349133,36.8237543064183
245,7,91.97260553958722,80.00338109874194,144.08676351498417,84.65803630468432,15.429551069279357,36.42759286309812
245,14,88.94991105159528,99.7296197630301,146.7754123431107,84.76274144818098,26.435389609626526,36.809102051365855
246,1,95.74609220988144,57.94222198798671,124.67255522066242,78.03147408828661,21.055056262123017,36.71114124665365
246,7,94.52827227816987,81.97889123088576,117.99387724963371,69.45037688821364,16.087219249495433,36.45219909897661
246,14,92.45604995158783,81.7721347124369,134.8397578736127,89.7621569674368,18.891859954966723,37.34658506642249
247,1,96.46855508448913,76.49188758340954,135.44615073433366,70.3375268403496,18.09488931409669,37.15441909043073
247,7,95.7462215473026,67.68934205159675,118.86609827764453,95.65167459923286,15.268284101898791,36.81236920921056
247,14,91.35133862675632,77.76551084321815,117.2012959953072,83.55457487933688,18.39121422349413,36.62903838067736
248,1,93.1856295498301,74.53979113735856,129.84528896392615,70.63968639693427,23.257638322657147,36.86937676583232
248,7,91.7121601980461,98.24750892414923,141.17385035027291,95.2381374067034,28.147004506425542,37.231313029116656
248,14,91.98140324169334,108.30147350229302,136.9711315976474,89.45612083900191,22.322899133450527,37.379179847503984
249,1,96.84518428917185,75.86862895830438,126.32873836276734,98.63251918105016,19.437848128039377,36.4866577409265
249,7,89.9754802796472,66.24463365708442,132.5461867439011,90.12004915421585,19.31443654401968,37.49628402922885
249,14,89.36908400474691,107.88684972233753,134.4979996750921,83.4427790070595,22.890625636060204,37.38462655469537
250,1,95.69226584318915,67.9712232098092,126.6078805129036,97.14900033452078,15.313813061244261,36.70800103243161
250,7,95.83967715505838,78.55545853368339,125.88342386877588,87.99367890746204,19.289944502626433,37.07410299831953
250,14,93.96880552083668,80.25654451200948,108.1206040608323,84.49527929486848,16.6670534115138,36.4302339109721
251,1,94.77303554892913,67.96330980323366,126.93116333919318,80.52571961751386,8.908351281604725,37.4207337878042
251,7,95.94335443190214,83.94470919613968,115.01524305412322,89.57071913252535,23.788437350168387,36.786239880950774
251,14,92.81073929116796,76.14078468523707,135.14943985545005,82.65887305965494,17.32347263411497,36.71652607863327
252,1,97.17373441200513,61.59595803332256,129.20040408343206,74.32816676360726,24.225244957582863,36.4442226636126
252,7,94.29902555473909,73.34417575330623,123.74547152222364,77.72384764740283,22.030623622560388,36.66125000871724
252,14,89.49079146580704,95.91105955203633,137.24786053460872,81.63535462913175,28.616620668003797,36.691720637050516
253,1,99.14100777070622,90.09898903513468,137.20176529356465,89.72016915346977,14.033068807246474,37.09767792634521
253,7,93.05886144726698,84.7957536022844,110.9637663693067,79.56011862586416,15.3831324117245,37.208008366048844
253,14,89.89126089187685,91.96562406850485,130.98282056668702,88.47050138053429,17.611644950303663,37.20568888214743
254,1,97.32212264894277,79.54026430674077,157.13869313942806,90.03603298000515,23.453222315288937,36.2999029633913
254,7,94.4060822787281,77.93117621909016,147.11202723837792,95.16990051151907,19.943469108574686,36.736098018953896
254,14,92.81156877921563,67.07377322653463,120.15499190596985,91.19560604287132,20.282355295947507,36.81231016211466
255,1,95.65361101902786,82.41353604246825,114.28609497192926,77.48061791758805,13.724699224548639,36.90127741327983
255,7,96.32541977525959,80.65728008916489,99.83622057710723,72.38436490034486,22.398942480853716,37.31081965784451
255,14,97.98743966476074,79.09802861043207,139.65310049904548,78.02685351893051,12.02559186874363,36.37196947704061
256,1,93.84864190106205,88.17826352525441,119.27777378158848,73.39591372352885,19.288200988371443,36.92208403112359
256,7,91.01206429586456,90.6144410596446,138.60788281109896,90.74926324870886,14.224560820968785,37.1989456227709
256,14,88.3110040287786,84.23569662995082,127.74507717275345,94.24041641658667,28.677047226350982,37.85522893114476
257,1,93.65408003988632,66.72422422964904,124.4088458730205,74.72834050111494,17.65320117766993,36.6587268621576
257,7,91.79358574064176,87.60203327467539,134.21043799344997,83.94860442420753,21.447417220123327,37.0651717579522
257,14,89.60889545692604,92.13535593311356,129.35350235853673,97.9761784540876,22.188768955793876,36.69306741811957
258,1,91.4974623905836,80.12442285055792,113.29382712330504,83.70500341276164,17.60288431385672,37.31555158221527
258,7,90.62552005594347,79.93465086453523,118.88430019290624,104.12562164615724,18.938881661714284,36.84908367006149
258,14,89.42042675509707,81.88266423615894,139.57998508511395,94.63237407906666,19.50773420511924,37.34692349582984
259,1,95.8547441507157,74.45751464642886,137.29336843572125,79.8139355853941,16.052100238444524,36.671978257862605
259,7,97.31435878317349,84.45178438618937,153.0279887381084,65.16903882814711,18.760738809096758,37.66070505807263
259,14,92.61370476820619,71.91907330578512,126.11184346698683,66.04203387526204,12.643918334235444,36.64072740342392
260,1,93.16920855144677,62.025230486666224,112.62359215153866,81.54386638058162,15.109676095135534,37.011809637607726
260,7,95.42367490909399,75.11199419789533,108.35073599476586,91.3046956571034,15.649287625097875,36.20478120256021
260,14,92.91944244162508,72.79475192709764,119.49567935553104,69.06860233230849,18.705130896778698,36.59823206297124
261,1,97.698475092492,78.59777478067886,115.24305350597965,95.50265167948236,14.749072025984988,37.09788376261628
261,7,96.67228636059536,72.96811156796866,118.39154662563904,70.1255280553837,22.2275967958778,37.11299601614961
261,14,94.89679991028949,85.50205830520895,104.98594542749447,76.09006202710567,20.708728430132574,37.286788658267795
262,1,98.02554688332295,89.69984450273836,104.88251362581882,82.47736506425137,18.874649083497346,36.40415152760323
262,7,94.6168485759003,55.39918605862876,96.90472938012839,86.02016872911128,24.38271692855247,37.26276411545545
262,14,93.91796888125793,64.35194779313264,134.16094389861792,77.03008932187441,19.280243511294223,36.607316636631886
263,1,96.61461109277252,72.26387180517702,136.71015091175607,70.95939074010018,14.410537430859394,36.78317165836498
263,7,97.32798650887214,87.03875510056729,125.19291172580483,74.61530087120468,21.238063703393056,37.30037717278986
263,14,95.49611857775463,62.85924963582111,105.57132522344436,86.313156182184,22.299733861791633,36.89106284382017
264,1,94.94338865924215,83.70720248329714,108.44735842948573,78.971101517805,16.42661006445779,36.725431419746535
264,7,97.79703507086694,89.69405746860086,107.10634979360441,82.45863968668603,21.920557512968152,36.28963177128127
264,14,92.95918059451945,87.74373619778694,133.57118818419806,80.02372765203667,16.144453434374935,37.27431261248447
265,1,92.13302496230578,68.48125763962997,127.5101347433151,89.0830473584868,19.961339474266694,37.60899314031707
265,7,94.50453841047138,74.8621850257903,115.4920696544283,94.03582350821877,19.15196291695918,36.84168768400654
265,14,91.46647254126415,94.49314806878384,142.8071630520114,81.98106599725398,23.11417406057128,37.239164402778854
266,1,96.576519872261,87.98600927213809,113.44579525825495,65.76631328198913,22.00352924171056,36.124629812163185
266,7,96.08173787504657,85.37236418663831,115.46243489944428,57.5128315850069,22.632687888924373,37.3100236858173
266,14,89.98089015938346,98.11571948153698,140.40676305700774,70.42549829752804,21.392768284827966,36.87167362581281
267,1,96.51010155197788,78.75745522522837,114.45745601677865,70.78491202212885,10.39115220899237,37.09162456899068
267,7,93.45171294848323,77.3552318860122,115.70784184581603,82.64822511092864,16.719313113821016,36.9928993249213
267,14,91.90083210505607,73.33689996730992,116.43890004126594,74.86354602741143,24.443360701885055,36.19458700407327
268,1,95.21965627288745,77.12413394406006,142.4181234677414,73.24386281573842,21.137738371352025,36.85059096194712
268,7,92.62767135070322,85.64483059398174,137.70334632607504,82.55272120044913,18.428431736540766,36.85349068492965
268,14,96.33130907557735,71.91977172869906,117.66601313254789,68.14441604511069,20.205311480787557,36.881000016662696
269,1,97.69691501322241,62.679225082346925,139.62579959339246,87.67482525249761,10.518731127229946,36.92755615084596
269,7,93.43967980584145,73.14136027951379,116.06610780952234,85.88304825402761,14.5630023910367,36.664748213701316
269,14,94.04245101518012,76.27728111175824,112.2455444028965,66.7991413623133,19.47689304792685,37.05293513135414
270,1,96.37656409987765,61.54028687185803,117.73428994302056,91.52914667391674,14.443245171880012,36.82630138336665
270,7,95.47627359386371,56.974052146120805,121.09199561502287,80.81074006370704,19.89513399848127,37.35582840481418
270,14,92.21187321666271,93.04476904909725,126.10076963952513,93.9761962371683,12.49003596801181,35.84872981558544
271,1,99.45772697215344,60.464688646567105,114.35109852497868,72.69584289531716,17.457365106568453,36.9219859565117
271,7,94.0069626408037,67.3590083567146,141.2628237079918,59.466745584252955,20.404687775110407,36.993738410242905
271,14,93.46666783837246,75.04879841238109,119.34018029134133,89.80514368313771,17.796280538794072,37.39761043764408
272,1,93.4268695903901,89.26184199424755,122.8305980940707,83.19897422147028,23.833401648180295,37.33451023385966
272,7,93.03640949054527,98.43501136210259,142.18341321585356,97.37127090264156,19.879238589010836,36.49182544788787
272,14,91.0362567495161,89.43256555443631,137.30700462487607,77.49533500057265,20.036557614422552,37.311534775286766
273,1,93.78120679420093,76.51926107426367,134.93441057581936,79.98362126506272,21.429647109453022,36.65457644297997
273,7,93.37415353220041,84.42629925824173,113.61288222325875,76.43922201511148,23.260537551758752,36.85438781007919
273,14,94.26160174609595,80.53664870718893,104.2151331930227,69.55928431346742,13.37363798097046,36.76368266453712
274,1,91.89410043547956,86.21051546800935,122.78565115647687,93.62741436994382,18.736067194568722,36.76463055281545
274,7,92.82928266019968,99.66571427875067,100.68153589821416,77.38245681040462,16.54596262977543,37.61035574681834
274,14,89.31068452442307,71.92556285624582,113.14747127247392,86.17521657680084,25.647248744075867,37.841391272854004
275,1,96.47584348793873,82.16308209007461,137.2731478378514,73.65551244274232,16.293371035779117,36.819611230892285
275,7,95.70867138827246,76.17477606690902,139.99608404601847,86.23755968891612,24.627943612370412,37.14767129368756
275,14,92.37134081422059,78.21641914717782,121.36563374381002,64.98592054388838,17.33081340243068,36.29511585280374
276,1,93.5345722542825,70.84455570877384,128.33191099761953,92.87593307802918,18.735182163701133,37.122418458134554
276,7,92.43340022881053,84.00592550359417,124.59456704777689,75.35736717749609,15.763538378219021,37.348768438092186
276,14,88.91163726105162,94.51234836785268,107.36769810069603,80.8979463563211,22.47534916909919,37.482403938256
277,1,95.7794147343245,74.88107147637577,106.5937589342141,80.17546240074111,14.094438749642217,36.42359523281456
277,7,90.27483271014722,90.8959112587794,136.67524994209265,85.70799276070422,17.724207116755196,37.64952071054605
277,14,90.93119636768321,86.66502964396786,126.0600049132259,81.75703850297023,20.635184458752587,36.67303056953019
278,1,93.08562511074065,76.74470436124865,128.98811246407527,76.9537417647164,18.528656172001504,37.297519634121116
278,7,93.04347432990313,67.47549039192704,122.90629950260507,75.61098398727907,19.870720081794897,36.566659690440936
278,14,91.94702462862557,94.80540172400086,132.08345614616925,83.3242976751019,15.346193669181776,36.879230657283244
279,1,97.94990393657517,85.79293106368617,147.22010757085167,71.0646848191642,12.156726189392078,37.40765847713286
279,7,93.38882156651498,66.72983817231658,130.62782643575403,87.51548411958342,15.637140000511733,36.264076317123425
279,14,94.98067689248126,89.93274860284335,116.80776839088044,82.75716281436102,20.633435770052866,37.31300201529362
280,1,97.19412532473147,86.07984358199504,128.92522713393467,76.38662616482407,15.275859041411506,36.646665088553924
280,7,96.54181029047137,69.81402336405151,126.70442869770037,75.96734993417081,14.135326434134843,36.97793098337777
280,14,91.91978104989003,71.67884070576174,124.85558387532242,79.8726860421151,18.23118164683946,36.94105547903292
281,1,94.62073067186782,73.08396508217264,116.31919810891218,78.600524593363,17.975234511042355,36.84388947245636
281,7,100.0,79.210580775563,138.24276834879447,85.28318224773629,20.16265731419613,36.45864648505473
281,14,92.02695074930475,62.2130652621144,122.25356038687625,86.0102694575386,16.856576993742962,37.042756285792485
282,1,95.16286102507637,65.74720142288628,113.76781723518253,85.46737586016654,23.457805860010367,37.49875822790453
282,7,95.32724205592315,83.62513151815905,111.7931606097454,71.32310261172542,17.049007315687664,37.28472055721584
282,14,95.87688414004542,104.58024250873922,114.47180811949224,79.02871161496648,14.60887913296757,35.879192650213355
283,1,94.7280858849228,56.74200868921458,110.76198469453928,75.08879950799125,21.95253310580945,37.32974362616028
283,7,93.91082354208612,85.97702543284254,115.96743936983562,64.88295527649969,16.675502276945764,37.07214793237713
283,14,91.64172194718736,82.84311897517553,110.33089365705995,87.9506394267572,17.44468866867903,36.42909749802101
284,1,93.70144238375404,72.75993168060053,138.1291575338899,72.43383826590797,13.339233145446455,36.43768352793948
284,7,93.82182979900706,81.26010000430136,129.60021724387295,75.97047689330724,20.38601218095506,36.81370963564371
284,14,91.29082049515915,89.60169637958248,132.03904602753295,84.36477277810175,17.4988416159217,37.39075752173247
285,1,97.96333087647311,53.233729487687604,135.3129430609741,76.10383230787657,17.009957175137245,37.089415082956805
285,7,95.87157107257269,91.04334250491617,114.6470179555484,91.20099639287992,21.33007046827988,36.55825104493031
285,14,94.38086739854886,77.47498040146571,123.12867857223556,77.4538807052867,18.07885495996563,36.89701383491473
286,1,99.07143956665773,83.16012277821272,125.06120388357586,69.85685441319781,19.55851568796826,36.95820834912022
286,7,92.86420446108937,72.39800172151553,123.34875968801181,83.8505764792439,21.184804592706104,36.9180320976082
286,14,89.3368435381888,106.43600110980087,151.01119300639667,98.37485610773965,22.902036973396168,36.59338483045238
287,1,97.32267577500687,82.57090467433706,124.13454035866319,62.217240326743294,15.438164030837221,36.595915913041935
287,7,92.92864820189989,102.66996919939008,107.65603485437278,78.08911836115476,21.787347882689318,37.27007786275805
287,14,95.66163425471767,95.88713969940322,121.7139020683387,60.57658935168892,23.61901725357377,37.113881752282964
288,1,94.70785224946289,66.61765423989463,130.28933429354356,82.63672211519078,13.558152976868879,36.93263595640524
288,7,93.2445509756732,80.04777611765414,111.92551443126649,69.6002328463623,18.513412374782025,36.86474716478232
288,14,94.1436121780176,76.65253618296623,130.2437360997136,87.10471660079693,19.91903321342081,36.193840890023765
289,1,95.25666149626583,56.12010305465672,116.56200241957622,60.67439807102655,22.431887554289176,36.31022490148707
289,7,94.40541431333298,73.63544901055576,121.52439893741467,81.99947499671443,18.01403197592107,36.24259067561925
289,14,95.35522651473903,83.0037042323783,122.78197710553015,80.03171889271056,19.039148477905236,36.57428333102132
290,1,94.95596677571258,100.59719212331231,138.84796248242594,87.64781815341733,21.129313331865088,36.72025714349039
290,7,94.53364657864613,74.79519559792361,105.72892671972954,77.04200646948618,17.15631410913488,36.51395445492547
290,14,94.20804428355586,78.36493235177944,144.32473990181495,79.88081990304056,10.981638801940633,36.54479622018993
291,1,93.12319538396913,81.68502970408743,116.32301137813552,83.98757418048531,18.472959328316755,37.15774525048214
291,7,95.50895169364705,88.28385935223574,116.05126064668401,72.06997084623362,22.460135862491114,37.25714251051537
291,14,90.75041970805962,101.24421661435824,145.93454032664204,88.49598738908358,26.85112196038881,36.6913942994662
292,1,96.77248056874248,72.54003603256416,126.33200475763478,77.73657312833869,19.571177395098648,36.92600426195212
292,7,99.54283143126119,86.45269988305105,135.14754764307798,63.72228587407125,16.767918012288163,36.43019907862229
292,14,92.53958726739273,77.38254181545243,121.60559243676524,82.49489987163004,20.114188583863832,36.667384885383605
293,1,92.46186823361657,64.68367497571148,129.2422778864447,85.36027636734143,17.104646830508234,36.66719302887237
293,7,95.51517546679594,59.74838962266054,114.40560775027623,68.78989500010451,22.4956252579894,36.97406652512732
293,14,90.51368822673219,94.14024342095868,126.88090537302645,77.18234764067054,20.260310610874185,36.55476063502782
294,1,95.5888020324325,76.09101137036085,120.77382165798674,82.64009196172745,20.087810304214486,36.74879229788296
294,7,92.29278932795049,78.93027014579775,123.88926329830194,64.8504971229538,19.17418708264255,36.61461678739588
294,14,92.6003854124761,75.95394543251663,116.82702341486367,79.52653342830388,22.59171880967661,36.76049170582882
295,1,97.52561342850517,68.55728452936147,130.08366681045382,71.63087381584282,21.084946736313857,37.18626210015518
295,7,94.92791137080589,76.40926982126557,106.12332863115086,79.53202660777144,15.752067261373364,37.11584417054185
295,14,92.85956963811296,106.16415025967642,121.28071658920551,79.01911178017086,22.36837101768993,37.331934403931406
296,1,96.6891401284876,82.42040364534546,149.59486057141584,72.55657770342688,14.91459867947141,37.367609961131
296,7,95.74114138790344,93.99192235105312,140.6303772251894,86.11431461390376,16.295823906252046,36.78999766461693
296,14,95.66939462889388,86.2023454045898,102.76336381224499,98.0408942004711,15.788275186250269,36.59712409021476
297,1,95.89201417119416,58.49246716768812,119.93254287675074,73.14990238217948,11.599556588793323,37.10438969296816
297,7,93.85647185675862,75.80565667986285,127.48194300406837,57.08423989777284,15.191257540613943,36.83935729069713
297,14,94.93375136847017,64.00108696968113,100.02542455051261,76.47849885790376,21.751380260920037,36.46725203299479
298,1,94.68809478896321,94.00542848466237,116.41437049470933,84.8295250265201,21.090764203730195,36.89279026841581
298,7,95.32821555094903,71.98920464123157,127.392037843457,94.73111419251023,23.87600990948581,36.643996676914675
298,14,95.12984686348756,64.80094768474059,137.19063910157007,83.33815216457992,14.646632795755025,36.499690297423165
299,1,94.36279829413353,66.26703108314872,134.38826895302196,71.79362978900703,17.73821315210169,37.57810704967691
299,7,93.11575278146293,90.56250640853571,156.1938541386518,86.8783816580381,23.99238027281741,36.97970382803155
299,14,91.229575863187,88.79889943185786,143.21685487747206,83.47448244064063,25.0862218395813,37.032356845855375
300,1,95.39665276206935,80.3811399991356,94.22204210203458,86.29950801795827,18.915995176315104,36.12807920324428
300,7,97.34140035464642,86.84279856508557,126.96864659701052,73.42198317984501,22.5081415613248,36.55483083602267
300,14,91.93643073822857,104.48088870815457,137.3944398556299,83.0846040586856,17.04564190283717,36.50809016516942
301,1,95.25175779259102,78.38020169461389,116.20584353013878,78.32499070275951,18.786973702423253,36.85881523224746
301,7,95.30305388622432,73.23246707953992,120.24934246072858,74.59040375242782,19.51425800480459,36.64575779647695
301,14,92.3853655065328,86.58953674891835,134.55866278862098,83.56314341269386,13.449215842905799,36.47959297150686
302,1,93.95066681732845,65.20184239556849,136.4973322164447,75.70228129251758,15.781817095427831,36.718513286284654
302,7,95.20173739909468,91.44025747345557,127.61949867425078,95.5629196240791,25.21851837706433,37.809340490483265
302,14,89.7437702462981,83.0523738004354,110.159697528399,87.9262348160344,24.88784603603246,37.752484725876975
303,1,93.4090406307245,75.61556420006353,126.80193379090201,78.15443111601238,20.1560032060753,37.20097239819653
303,7,93.41973783810727,81.20722381624266,134.4467947179597,80.47089146566981,21.79252714155621,36.77401416991659
303,14,89.86762273418134,85.94045486972021,166.80713680930165,90.4042268728607,23.39733664737955,37.237687686286115
304,1,92.65068320451975,80.14190264550041,121.1594536375055,87.26433800980364,11.47673125497566,36.04546355376526
304,7,94.77450175170394,74.30669047111557,114.40191055254151,92.34322257054392,23.72088168797597,36.885083816251665
304,14,96.44289416751377,86.82552883164016,123.29831070630708,73.6722361797549,23.893565787873047,36.92426868307641
305,1,94.12001384186844,78.82475457188791,125.0466472559178,96.08976798675126,19.038613406442657,37.32663646659061
305,7,91.93488833191307,82.86782188493666,122.06859085498853,78.80111239868822,17.162692762864513,36.675536737658724
305,14,90.67639373852411,80.96459815947523,121.85221257251077,92.54338117533116,26.4431463749749,36.86386751227218
306,1,95.73613908814134,70.76400689568669,112.24447828558218,89.51613697468521,20.283148722964633,36.25112003250371
306,7,93.27215976515703,57.614657601242364,124.70392065358224,93.67055416130727,19.33124119738692,37.37204574296416
306,14,92.28684307934202,65.40536223066509,111.08320362587955,77.13367649842948,14.4485041121833,36.685463629435425
307,1,94.88803590679488,58.56841591640531,117.86708395307802,81.15105106179722,18.094852427422925,36.58158023196978
307,7,94.62350652224269,83.3143680980619,145.08589274083695,84.84855888185471,17.38977277132549,37.2250097425985
307,14,93.43714335215202,72.302954389423,132.95784633652303,79.05373424553817,16.61991781517505,36.375681270022234
308,1,91.77829263434431,68.50238112794382,119.14887926190468,94.0575825353252,18.745758651779482,37.152398444443236
308,7,96.13381645519932,59.334143874858775,143.27863447733128,72.32699969420871,16.71913202766827,36.86040969925898
308,14,91.90566092715356,58.6544604982961,124.44531111396456,81.01283529580407,15.50469589266687,36.82054402175043
309,1,97.27478679453395,79.31891717940341,112.44749418987395,86.82566911740265,19.482193531813962,37.38356529989954
309,7,95.58054710874809,68.81905077064668,113.25301731428628,80.85292117063292,20.553092452979254,36.91230997500303
309,14,89.69462786107705,72.99828619955917,140.8577771046884,98.66699464206017,26.31723700120506,37.231691644347094
310,1,96.54828060763386,78.98232021074958,118.91905846455856,58.20896322667741,17.398679902280914,36.90277881865427
310,7,97.21661926001704,102.91233311238851,112.73220292712563,96.84564418970066,15.504345663926554,36.64690887248537
310,14,92.5844179772224,81.6208162203584,142.08233248284694,80.26309142733763,22.047889278094882,36.851906557298015
311,1,94.50175816053698,94.13788295437608,128.58702079326915,64.7551859463494,19.279472699577877,36.51206472369665
311,7,91.84402315344992,71.04125383548524,138.1684365551679,76.69741260572673,21.56904731919315,37.28687480644714
311,14,89.24312805810867,107.52525794771118,133.01627424788288,77.45157689767858,23.409222168223106,37.145899323124354
312,1,96.57220558494339,69.48046647065055,135.6618786926022,83.5433801298514,17.401643792748597,36.5372553010855
312,7,92.94306016923808,83.31411851072,136.86474983013704,78.89860193574084,22.42212723152281,37.07062593602638
312,14,92.57771229762572,77.94258139607756,147.39838248182747,85.31073957339912,16.26491720337796,36.667106675741884
313,1,95.5948361531906,84.48301631636708,127.60715760996563,92.26485145692577,18.492281239838857,36.38201040736062
313,7,92.6143441608687,94.99203062375992,125.97115856193193,77.25543791344296,15.148184695305693,36.90521403349089
313,14,90.50486717246574,104.22740923946577,139.59977560873304,81.31725769769658,23.48460829000196,37.45212588703864
314,1,95.16126597784213,82.3554486062474,115.73956771555639,87.51225933613605,18.223762354866388,36.871940834674454
314,7,96.63059481543159,97.46680633120891,99.71914103067776,65.2563616792479,18.327845393181487,36.9600917963507
314,14,94.08086067506112,78.49261664110897,107.8274296039196,81.89206009851964,18.950477354956302,36.99865939413348
315,1,97.97326003920391,77.45441700533401,122.17973074715412,74.73008021385947,17.51228259122124,36.98540807391531
315,7,96.71130061160932,89.37698036023615,127.7672034059445,78.39397409893647,16.570965216610734,36.811073398954136
315,14,92.85855275077155,81.90881747444709,125.45191510254524,87.08851906893865,22.059825585568312,37.35553097310904
316,1,95.36783338853381,85.33252768611592,111.568873545397,77.36643546469368,16.541625859956355,37.290752613360254
316,7,98.53849356881271,71.88969741647041,126.07902367635619,86.70325582995366,25.974871413955427,37.098507090450376
316,14,93.03089764732931,72.77499725320769,99.46959145797963,79.88926616753885,22.047610600580317,37.08259511840796
317,1,96.95203591122478,73.90136007230943,132.93889113522343,84.560392504947,17.920874939008034,37.06984467237657
317,7,95.12279702726693,83.87825708859285,143.86981851598338,84.58964347209505,15.10202562407662,37.12734175053878
317,14,92.96877947733616,109.02197337686998,119.33212919412877,68.8093029707131,28.111148661670764,37.271815769737564
318,1,94.32821901104401,70.09893941332534,137.52862923450732,71.61491854459359,17.8860890192585,36.50640624070213
318,7,94.4592318633672,81.83694444542061,127.53092875594028,73.93097526553176,21.687015866932395,36.78605925220477
318,14,90.00213018896244,79.24381526274473,138.708380340911,71.14772880927421,16.26941013117892,36.869199398965286
319,1,96.14434216814877,70.57665053714516,122.53659487360906,70.66764133151462,24.289537142992508,36.94882387802963
319,7,93.9399603063083,86.79275286788042,113.03107606539167,90.49760889992575,14.818823313416981,37.04394568492394
319,14,96.55953855391886,76.2697069349737,124.86526873302249,91.35079999485559,18.869027474619646,36.712141439457625
320,1,99.20216849357304,70.97201112778076,140.70347946728967,82.607618477583,14.991763207871493,36.4674584811589
320,7,94.71125830346048,69.51280957201712,112.93283303762274,81.51093414350262,21.674706529317817,36.87432117011751
320,14,95.0152677746397,82.80008588623767,125.08463359114519,77.09707628321064,15.328398253095006,37.48232745738468
321,1,96.74592810259368,68.20480310673724,128.37895271939,81.8851367761921,21.093133676748604,36.9793126923538
321,7,93.6776601186754,85.62236979069047,101.9315593753042,82.93142088162514,23.52214514194384,36.747628719937005
321,14,90.57866793875752,105.42373435809216,139.14665727275428,77.40048958622609,16.714807613587187,36.3732041093866
322,1,96.70876721034328,72.85236037289931,109.02899675034072,72.2337234438141,13.487381045071876,36.70514204343375
322,7,96.6587038753778,79.12468344075194,121.83136003604302,89.61922610318416,23.562529641577004,36.532718671721156
322,14,92.87804024320776,71.31249483295971,136.60547776283346,87.49879397103109,22.562062843060453,36.76716414958946
323,1,95.01782258242156,77.87809909669991,116.2347239492558,83.15647845918252,16.8137641407223,36.81410608266343
323,7,94.13373192097062,90.64787331376264,152.50859324639745,81.1346552660288,15.905209603249206,37.23968013155573
323,14,89.03806416450645,89.38588281678587,134.703764347461,102.9568974670603,23.070265816729066,37.082496615294254
324,1,97.00571168429163,70.15993039525773,111.2364736394193,82.55618098020041,16.50205405256562,37.357037395500654
324,7,97.49479523077245,89.61172636072628,125.7035149143652,85.87602108533723,14.555278981452158,36.93944016411462
324,14,94.37413838789287,67.2151505719962,117.62729556321523,87.01682125298808,24.453661379296666,36.71494664573631
325,1,97.79953460199914,79.69969717521798,118.12129765770749,56.610083991699724,25.231583488202826,36.52985606614757
325,7,95.8561630250611,75.75944247776111,165.75630621140982,76.2616574796001,21.705009004790625,36.91931117313851
325,14,94.23278285938038,88.29357913178112,134.06250331270775,65.82949620897705,17.984880683549207,36.93873859510482
326,1,93.94733251134944,70.60758889572548,124.36709082152825,82.37863030246584,12.759171847807357,36.55614627247621
326,7,96.44085555245057,84.4211408599418,144.12501660313703,82.70791720786957,12.809587432166273,36.7674824807275
326,14,93.98348958685557,65.65412181447311,141.26656848253106,75.54875734354685,24.085593651448963,36.74273675374542
327,1,95.17185218363088,69.38065104714647,108.92066529571554,79.08598972868407,18.6844516604185,36.01285190850647
327,7,94.5792164389668,76.89187043139992,129.97062271101387,80.64457808033079,23.27847155304293,37.73411995054226
327,14,92.3880480921964,95.39907144416374,134.15889507907994,76.51008747950443,16.13981288356706,36.43086948197192
328,1,95.58017075134056,73.98720350517709,129.07764150076255,86.90560986611108,24.45356560491995,36.63533692500012
328,7,95.90877431728957,84.25704234162265,120.11658778821743,82.94333362467852,11.348316224297012,37.14372436269891
328,14,92.58347527974644,63.46195516832552,111.39583614407341,81.09868837416238,25.32996368924788,37.347593615292574
329,1,95.58044240573584,73.7337730558797,120.76241630634257,73.67647078751195,15.636567592282367,37.36389318745658
329,7,93.87878463005546,77.43982038819448,108.20481630749104,87.95845289053756,18.160494024876254,36.591213138078835
329,14,91.06399100093759,75.68769186095618,118.52292195285771,81.81024139978102,16.630432295990975,36.7930455249479
330,1,95.09035721760941,86.50911354928708,145.44376981030905,68.95386268029571,19.558441296755564,36.3992047920217
330,7,91.0605864604323,82.37516858499609,105.24283420630805,88.45495780129116,22.25921933374009,36.801689645163044
330,14,89.61169730583751,104.55698219706625,118.35995820622826,88.1780254950352,24.424686774326116,37.5482264049192
331,1,96.8521420154316,90.64757786322926,98.67731459072421,74.94271401515704,14.945486546411432,37.329500368546704
331,7,93.36730682337642,86.1183704644874,125.97519729314413,76.61020181525673,19.8157276648052,37.0225582449142
331,14,95.0791305780961,68.7278546033586,124.41429543966792,77.544418275487,23.50592010373235,36.96071822918271
332,1,93.96585674599572,74.75427806516947,113.81732174368659,78.87764323908392,24.061561832837757,36.99925323927572
332,7,95.96161546161572,85.30547651874501,135.9838727484613,87.95114990818334,17.873118709951832,36.93983516900558
332,14,94.97083913574947,88.96363690801344,141.7523419154441,102.02736846741583,17.117235122223704,37.01441160558599
333,1,95.14582068935744,77.64282551054343,110.51133486086806,81.82461661611755,19.812781248382755,37.25226970854556
333,7,96.09067732838845,95.72359059567465,123.27547802097487,81.47621768139791,14.889861344163997,36.939854999240254
333,14,93.77313650816869,81.26162005134081,138.59391079765746,87.41207717792553,17.142295909282204,36.32568325350433
334,1,96.54891374527259,89.5509731856865,129.64202153293505,75.56138332588773,19.6827220988148,37.3604282360013
334,7,91.06730820598679,90.53563766664453,127.24236138103925,78.43023593406096,22.03970654388462,36.796649712590565
334,14,91.07146571819018,115.82207898027838,127.33733231081135,87.51165771851947,24.412816550691957,36.67955980084199
335,1,93.55805443005822,77.75890913353045,118.63273937486906,77.0768576339715,19.042172745268516,36.686383392681776
335,7,93.39714397029664,92.38894653628734,148.251688397606,98.97120309797994,18.17837765211867,37.64530163023049
335,14,89.5013023054105,98.29321134852702,113.27534218157514,71.94877826140049,29.725008380009015,37.24035775088191
336,1,94.85825695829982,80.05211340366424,126.17250450069831,91.99078056775426,19.873320100548376,37.00610141685012
336,7,91.25486689769518,73.80385865289202,138.4154765213324,84.92713369958952,20.70028172632139,36.44346619557726
336,14,90.59059457404373,104.67600557242912,121.36069486576883,101.68781527497221,24.515440970024216,37.59840303015988
337,1,95.69937809194555,80.67908287600093,105.33985736316862,72.74511705140544,18.39064648273978,36.950592444425915
337,7,96.03948117298368,63.73102644630119,111.64233653398655,82.49726508961693,19.673533200964627,37.01895194775676
337,14,95.36421562315083,84.80920993047118,146.74671209746765,81.046070430494,17.345371739246712,36.80615544066207
338,1,95.1765097068095,80.00937061883845,127.4263580014066,66.92064832791246,19.871680034936606,36.79430011642766
338,7,94.38879954238945,60.0476517323335,129.87322686296017,91.13950694166368,16.216217342844345,36.49288831805247
338,14,95.152363839369,58.45594275501432,113.48420867948083,71.54375975859782,24.6828645029661,36.20930397693747
339,1,94.60702927694734,80.84219916495901,107.06981364070145,60.909566802901075,15.75948124676435,36.70859527762691
339,7,95.89383247197907,83.52928911838843,108.10928781572102,69.11570945840475,18.020569914132423,37.14529280057658
339,14,95.6463255909975,66.50383968543179,138.60196287161725,77.28634742391598,16.428310871726943,36.60470432834507
340,1,97.82547001160195,70.84432585425792,142.8848562061,75.47614826235798,12.983293457068697,36.7092673101615
340,7,95.83292012548945,66.45382251884575,119.24202100692001,65.3259076472562,24.899772222280358,36.641521357467006
340,14,93.37790776395916,99.05335805707946,121.29786582759411,85.2079361477793,15.075305160938514,36.63619207330709
341,1,92.16675675676073,89.30639114367558,111.26689557637104,89.9602186688796,13.715538413687193,36.947194557654406
341,7,92.78581960992354,75.64471527605562,127.89908188559143,87.07169031124154,23.47644785218351,37.18189830309688
341,14,86.9952807223508,107.93125990517252,143.66315368120303,81.79134626734647,17.68919533708256,37.11775934020568
342,1,96.74081212783987,93.74893781712139,116.95020684950971,75.08543297247122,17.794699482943187,35.815654687829294
342,7,94.49363450707831,68.04871451082923,114.6703193495279,84.57357324288041,20.3310663028548,37.06237015688104
342,14,96.50381706058587,88.4339435237008,116.2729266699932,71.79150162709222,19.75803881557312,37.02699646323456
343,1,93.32059738645827,70.0547006640922,117.88446902865073,72.80235510681473,19.345986574604154,37.18389168065227
343,7,96.410331010238,73.211008818047,100.33541448671184,94.45998213353742,27.079287885165485,38.07963771292848
343,14,97.86236533905642,83.16780042051279,125.59939899599455,85.62000695533773,15.412555482932659,36.47430385020829
344,1,95.41372693499487,85.26686697326356,136.41612731695588,78.76642944337502,13.632226192143841,37.25292687426373
344,7,91.45275866969023,76.1191351565036,122.88625709730347,66.32451635119611,17.14877319242865,36.89378290037792
344,14,95.78050599104783,67.95173575588697,129.7427815327584,67.7092187490814,23.27818592759631,36.490272008650074
345,1,95.97791577250797,77.4497683067965,109.75184291727116,72.63227525202804,20.026676668619604,36.46123060500606
345,7,96.27783487721767,78.67973696176904,140.59617102104653,88.70230061102988,9.256275579098293,36.310714280504214
345,14,95.83707361566535,94.7026166972475,115.04535328047946,79.19100985173507,18.449215163941737,36.74462785146193
346,1,98.57687958226433,71.46062642633086,121.27626340928708,78.82549889759603,9.925551072363726,36.86234960537257
346,7,95.59672438558223,93.6238551834448,128.84561034085797,66.55352606748257,19.31559166831272,36.233368817776515
346,14,95.07785332092395,94.14581441176225,126.96974240333053,79.8294127738515,21.316455860660025,37.10085865772295
347,1,98.30171914698995,100.0599329662666,118.17844824108882,84.59107941245449,18.95888147823611,37.624234771010535
347,7,96.44424107612845,74.93585723018846,134.24296881419247,87.64568355483695,21.87514292740558,36.65914900912353
347,14,96.76125317266893,92.24291358009,122.07821595743535,96.95519968261695,20.45900392373009,37.288604216778666
348,1,95.59490945398913,70.5715796371075,148.04672452675538,89.06868993072982,18.174518246588566,37.53650540667768
348,7,94.99892356447698,79.29848423383811,150.43292249622377,88.19515257766736,20.186846405112377,36.88953731488277
348,14,88.38039582826525,65.58638625698535,143.77963543331484,79.05012513269435,21.448306589164474,37.00028364788298
349,1,97.0895996877412,71.7583274702423,129.86010645088604,66.1093095385327,20.098717759067508,37.012822150850106
349,7,91.03506340294493,71.15708010234253,134.60289675415646,73.59562153764499,16.462095556058408,37.38038587143757
349,14,87.27124099865783,72.00316302940624,135.2667104204964,88.57585675048674,21.746440222806662,36.986870427361225
350,1,94.56612266353461,71.6815773059189,117.71318896507826,75.80016499474868,15.81377383081246,36.79454637556023
350,7,95.3066490563,69.12745464740257,102.90063646578874,86.2657209714667,16.0911967026646,37.29400812308239
350,14,92.24951874416053,80.90371920074357,118.32505303145274,85.72420648060361,18.380369912817244,37.027607361436
351,1,94.84981682103827,72.53635578504104,130.46434806871014,75.56993971491436,19.423387080954093,36.20280453949959
351,7,90.31745097980223,74.83487627914998,112.7223542310653,76.61422984968203,22.32969449826493,36.50188006783529
351,14,88.55123351807036,96.33186367906833,141.9477451864234,79.62415848095735,26.362959278514932,37.395204606816286
352,1,95.34271831380661,75.78675654494528,126.91536526216308,88.71714165686932,21.308906650253938,37.14639042435685
352,7,93.04623043268573,73.92469958691872,112.23294701317954,79.1702518444206,20.257439156247717,37.26991050800578
352,14,87.17754858458575,100.84021091889261,138.90306855266408,78.08944469532088,20.54976982959614,37.1616406063794
353,1,91.50965538300838,90.84040636942707,113.95471286862961,81.16714353986522,18.930408401204286,36.36494392490288
353,7,91.56188062218884,94.53745055304735,125.22621093790433,85.8968304981975,25.128620423941037,37.49183823429655
353,14,87.96885882125359,85.7378853020996,127.93047557313221,87.01647146056688,21.083211849390672,37.054124405779575
354,1,98.16641988227528,71.15251845581992,139.0582994663211,72.02863379433359,20.443504977105842,36.36449464385473
354,7,92.26106444652164,63.62707530297243,114.6501422261157,85.11709241408082,19.46128447102116,36.68939740313041
354,14,92.6210127125967,80.02631871678955,139.5954222482599,67.96946280287086,14.676452840072239,36.6293437370648
355,1,97.98476337869621,85.22498403743263,134.59116648776592,72.90525397704445,15.635316031580363,36.41132384990432
355,7,94.61985937243388,58.63215551045524,116.55739104311625,79.97661368928955,18.732090276956086,36.29369283085847
355,14,95.8726634437199,87.1332073633198,143.81751372291436,92.1108574695167,23.122404794789336,36.01363704723885
356,1,91.05268776057524,93.66613206598343,124.65788993841022,93.1686643087409,17.888862246975076,37.23620647466801
356,7,93.45350376820898,80.04244074603545,134.30076285328647,90.55562841999877,16.333669167286757,37.62054591784305
356,14,88.97055872656126,78.51167587690591,135.5707633134251,86.13143662347241,25.396860069717956,36.399639931453216
357,1,96.98212064954522,80.88721868808423,109.97990605114371,77.71295697113393,20.784048568545256,36.26703729226715
357,7,96.28031928265808,78.30677836148911,103.41546987323751,73.90333409478589,14.910821008859084,37.13751724862235
357,14,95.00313230185361,67.92339429078952,140.45068631990668,88.3094955758797,13.765334226522551,36.769461271558335
358,1,96.7450404278454,74.95241316012785,125.77368875706523,61.437467021821405,9.643608147591804,37.224878313740376
358,7,94.22732926925117,80.32127170469349,135.41487620726312,75.5805710710303,18.75210746983258,36.737280071631695
358,14,92.1307597340783,79.02502491804277,136.97589362609438,75.52042564486844,14.284431090295435,36.61076908391134
359,1,96.93159301784064,80.79991430269924,123.72375281878607,62.19549665861542,13.492420550330936,36.790096841387175
359,7,94.07766341720398,71.4513614541654,141.93772908052122,82.58486654999487,17.989928526353122,36.73823430008385
359,14,91.14608398872727,74.9070100806087,137.54260656588232,85.56351896584998,17.089720916578635,37.16284817810912
360,1,94.89820584269005,67.2746637383615,121.2571416679385,85.91989265804418,21.55955852023241,36.265076607656006
360,7,98.95212307562835,75.48859938933683,134.20217193014517,73.57522646384712,14.644875517627833,36.73893641226748
360,14,95.6079987973936,83.77535332836496,120.30614637348233,72.31301453690108,20.76496373847451,36.52562820930071
361,1,94.57448696865328,67.84228630453464,114.61329345239093,67.13381810727644,19.439903412807944,37.01476236273346
361,7,95.15461042284127,95.12381448343238,134.65690231189978,74.38773783411698,23.874507205080555,36.94947648617485
361,14,95.2670242710071,82.21832225777841,112.79863185042936,70.59036677757538,19.36771972278889,37.280732697300934
362,1,99.40490700557955,62.79997855981511,138.36412335625545,92.90292820676052,11.558302352339508,37.21704726462454
362,7,98.05407644436018,68.3731924067168,126.57120671342676,86.68742004268321,20.179962299297735,36.5529467448797
362,14,90.37590686026272,78.1963781642055,117.41681479489367,72.1028261547164,15.429843210342039,36.19877959708084
363,1,94.04771355357433,67.01456116060713,110.44961251848672,72.19590465580852,20.22154611085431,36.5694428329518
363,7,95.33649480965845,76.32757216950344,122.82128116158331,88.92144133034293,23.657345689879794,37.626333772972835
363,14,93.61767757559167,74.5834281072526,124.36140806152667,87.78079357194844,20.053824345849844,37.200040614271906
364,1,98.7737849974092,73.3210090376576,141.90076470023013,83.84330861413353,9.573342112878121,37.06200260537961
364,7,96.75976961522375,78.92023076667236,131.14339135473836,76.81309386480427,17.33060967172132,37.02935369503953
364,14,96.25947586337502,76.27353361708134,149.77774890986728,80.1914204143627,18.93207488948876,36.91463846878102
365,1,96.27184761427444,65.20875494555192,129.3405291571965,88.69397010458428,19.432567454320335,36.682093116329874
365,7,98.68425481230695,85.54196011567262,118.37503147499594,81.27570429670172,22.23955614902712,36.53231665147176
365,14,95.24551165357536,75.22132016899846,124.2243477114365,70.58587472519343,22.64020901702201,36.63258057733562
366,1,96.73709732657548,51.627108250404206,120.69025901099793,75.03309547189932,15.500524158557448,36.75876920320754
366,7,94.12670643814603,101.42903284206321,108.46852195711753,87.630626325225,11.63875415959628,36.269052867224765
366,14,91.4264738703705,83.61245878061699,133.0423351296554,79.09895684596711,19.492026159592093,37.08019371390926
367,1,93.60865193257935,87.14463356324823,113.51698984075534,85.49364753395595,18.865490590506383,36.89993894607075
367,7,92.28110861647231,85.05942356869599,128.9395352776574,78.83590292564149,26.15076618979718,36.499234013711764
367,14,92.24644167009872,113.81494543925012,135.3939976529414,97.15095180595097,23.24521914722743,37.065934354903455
368,1,95.78874944294411,70.49021751056218,129.10727692719556,80.26716329460754,22.27264368574904,37.05556561373038
368,7,98.28281276916374,83.70272343601572,125.15183620579847,86.4695275887385,18.675884839745535,36.290037734517725
368,14,91.06575746612356,96.31594704072964,126.09671116864509,77.34003290114981,27.716430970628267,36.73514783712046
369,1,94.97017288282535,76.5722585997494,111.75550972931433,96.76905212622111,17.736161921470803,36.31473655922167
369,7,95.22470136723922,88.68919750622314,142.40726459424553,86.41646137871396,16.631528621540312,36.58010161381293
369,14,93.5561398367429,88.99989319472215,145.91988679833898,63.99480722259241,29.297731138488672,36.87374189337648
370,1,93.98096322182221,66.60783283691778,110.73580419894438,98.71489225114574,18.198164452305775,36.881381296412904
370,7,97.31403406566476,64.13917759839778,120.39489166394935,85.97854998532233,20.058332285558304,36.39544991147439
370,14,95.65519303851373,70.9941340684775,137.4602500338629,86.04721696584019,21.380506922211055,36.79937832703775
371,1,96.05573394717528,82.88716529371393,130.129137153817,79.9017588997242,16.7303077541794,36.621685700810836
371,7,92.43550690718476,86.8159196627167,134.6985546811124,79.30122369094356,18.068715209526516,37.60836362230407
371,14,94.18651959722476,84.18450639381943,126.63382078255721,56.92458348642185,16.55346651955689,36.577151451343894
372,1,94.98271444423801,71.94921292832537,127.64812730298537,67.52743640253746,19.54961175067321,36.51092113303475
372,7,92.08468632223222,80.14805352696405,143.24945284273977,63.38928198996891,26.02993210193024,36.52433360874435
372,14,91.59440756384035,107.2626954262921,133.89871182868907,96.51158456101751,30.33503912085481,37.71893070977121
373,1,97.23337167442288,64.10502450244763,103.25833710071524,93.14635465380107,16.289410266882896,36.982686213226366
373,7,91.36482307579583,85.78758706234159,146.54045419109835,77.94997227544401,21.442795867119177,36.80707931027093
373,14,91.99580881700237,93.18615897384525,170.23380262777056,84.5732563166315,21.16124353419391,36.42502957173633
374,1,96.14666356729539,77.14840484515827,129.261166368334,84.6555168644559,20.574944334773903,36.531184790104646
374,7,90.44840726984978,75.2510231100297,106.81593704653365,94.81515019927586,13.551657299156773,36.79651060262481
374,14,92.44871124310933,94.45081276088096,118.01684256503,77.92399949951984,16.21242517825341,37.45941097967699
375,1,94.73506106509454,88.86105786609248,107.70155116894588,76.21616407606538,17.108027079636418,36.61765323042608
375,7,90.70995330668532,84.29508773238105,156.83905402996845,82.96533001299542,19.844752883748114,36.16307910557638
375,14,94.47830539806542,74.28006744315891,122.70222917072607,77.0837434889785,14.578639458494475,36.650125657493355
376,1,94.60314455915896,95.38677965600861,118.72225681666549,68.47033354753034,20.76849774767887,35.73498841226195
376,7,94.21480744495153,89.02297387538577,114.8731758097529,83.3180240885458,19.55637322896292,36.943299800187596
376,14,96.35554251895503,81.634296007703,137.91172399115058,89.54854587937619,14.643923536173286,36.375389711994266
377,1,94.40858223587853,84.85465078602684,120.97891894216016,100.43335836696349,15.420992271210936,37.230996681587584
377,7,94.05119189247256,68.56120764353076,96.34952234651843,74.18422027553159,14.928731068951173,36.88105702248587
377,14,94.66884815152547,77.96260314989013,110.65367291876734,87.43629910087024,20.929473817011573,37.476020183583515
378,1,94.35569683629257,85.17585353873892,112.5095256462795,76.62513780557403,18.141406983273363,36.374896118763594
378,7,95.46577293473169,95.60855302368337,136.21081143283988,71.77642102706027,20.94716250494805,37.10703170667077
378,14,89.67747953037157,88.84086615013649,149.7926733261808,88.40202905521015,20.07952002187773,37.71323324363218
379,1,92.75967631103211,78.61557519428699,128.70300842239016,66.40204537993783,10.197931008752356,36.41726650811511
379,7,97.47287569392518,63.33474021829356,147.54586603361236,88.0243759888387,15.280076842755875,36.67480610578057
379,14,95.07624802408775,70.75565560646308,137.61337684306397,85.11996454251229,18.044977556763353,36.56510016368365
380,1,97.78531346633662,72.74758792060261,141.74622551943753,66.3970772832292,17.872231702418855,36.99974005388041
380,7,96.23267242247887,99.12899070663913,115.95441214049224,58.95262206957698,22.182223591623597,37.0194146442078
380,14,97.08011822461476,83.5262246993565,101.15042982131361,85.57959857137863,18.383573519428122,36.71594465004236
381,1,95.0325355010798,68.86800214208742,112.9394582240404,84.76350166384195,21.135710623428086,36.678412145668275
381,7,93.19283979011844,99.90341867286482,133.54813871124446,85.27421765816769,16.238740846637544,37.530347941864896
381,14,89.49638671918024,82.62922386395158,141.4333232858178,103.68914718673554,23.005641947642214,38.02717697726393
382,1,99.24645403138315,77.58792123286806,103.733232935576,76.81280591751872,15.858134183068204,36.83212519182665
382,7,96.84802802193528,70.48678563600424,145.34877351913366,85.62109396181881,17.319024356634564,36.477929553617436
382,14,96.5473399320802,83.87447694415178,119.30237474735222,69.0307742425713,18.208295164436336,36.91266595805994
383,1,95.94740194121353,83.29425968401482,132.39210236625544,90.86928310809567,22.34042149407,36.73044843664524
383,7,90.78697169513309,90.35697782684133,145.2364454265439,62.405849452091914,21.839372379691877,36.67356147278475
383,14,88.43471508802163,84.06022577146364,129.47330505104222,84.50186234882996,20.01206499687963,37.484897705970035
384,1,96.20208655737603,85.97830488361483,114.89840304405101,83.71945631266782,17.146303477084466,37.0119926674783
384,7,96.23354029800254,81.6376562129057,136.93177494661677,67.22584932261266,15.979332921320529,37.54993605114125
384,14,98.4616899703854,73.87294696403355,91.24179131445791,92.64167087419601,17.538381641784408,37.16971548292517
385,1,92.34340809209763,91.73206768276565,125.38243097819081,70.87340938245387,17.70510142742734,36.03171369438355
385,7,96.04186485565974,93.5517260827642,115.12654043602095,72.22074506563834,18.71546035103199,36.935006706438934
385,14,93.8356046924212,68.97976415507652,137.9281010880607,71.93396817273826,15.675676293927467,36.22848835605799
386,1,93.46627812953415,83.47806975945315,115.87199332195503,99.47913318181831,21.04436496878966,36.655707327761974
386,7,94.40360044683923,65.35626382832098,126.48778849041243,77.23982829239031,13.831446791949215,37.219921101498976
386,14,93.03845330067998,71.61990899147777,128.9675135250825,84.35995912956561,16.34691994764023,37.10310651137631
387,1,95.83630534737728,60.201863586766265,113.31080142912352,77.33875465099597,10.930650878843725,36.68378747718439
387,7,95.44456610923199,81.46762934172723,128.81697581608904,94.21889666146582,17.622867131402575,35.62037352857246
387,14,95.97889138070462,87.0612240238331,152.1311746322899,84.39572060590099,13.503737965074013,36.5219403482587
388,1,94.91735994133744,78.30198064776053,115.78980915594106,67.38864880703386,15.456865698570944,37.30634861440379
388,7,89.55698121948417,107.03657433763291,129.56726361167196,86.93886411161864,19.88827070842335,36.76326770540166
388,14,89.64837689792971,99.96834962254702,138.78494326197537,107.36077450735561,25.561280375788314,37.246214863009264
389,1,96.14886622229487,81.7174904753275,92.82714802081365,76.12873469683299,11.295913891752726,37.0550200191087
389,7,97.45586321692669,69.68472604026236,121.5479191681958,86.81563464808244,21.555920144496035,37.096045320486034
389,14,92.83673869651048,77.56978309661282,111.53912473888866,67.90571633012836,24.106432754126594,37.21166836323692
390,1,97.66393636516084,79.48875485323025,119.54531838726257,71.61542998229937,13.639937211853397,37.07360115444851
390,7,98.22747036262602,85.65636258593862,138.74172623441876,88.72821483370998,24.913383893993043,36.60864530731371
390,14,93.20084402894544,86.28863294251839,116.2626399477248,102.49220597012166,17.718017562380936,37.37026954948188
391,1,94.7558492852878,65.48495800240156,145.18761795411552,72.61008515337517,18.587959067636326,37.46883871821465
391,7,95.95313005508555,102.41823828816196,130.85561783825472,93.8507107542598,22.938832471244286,37.033876006625334
391,14,90.66307715664513,104.61569691831332,127.50579503391941,83.0039581660208,22.300603419424952,37.45772202621325
392,1,94.21070350390121,86.41710079934599,122.03110310245359,80.52430269896594,20.538324954135206,37.043295691609835
392,7,95.290477122782,59.55561050314649,99.07942156852515,87.24409588984439,16.489332251296457,36.64413264590321
392,14,94.7452099805994,78.00326847850509,117.31802037283056,81.88880226370291,21.388873648123983,36.64770345405519
393,1,96.0826015272747,67.0866889446165,114.26474134958552,76.90876949513694,21.163415382526647,36.63900903427965
393,7,93.5747216787587,77.32849504284037,130.49041306261975,83.09166367278847,24.069768709887395,37.673210492022825
393,14,95.9469922006659,72.55565621115758,129.70458830216032,71.26678808503316,20.785909980234848,36.723159417772365
394,1,99.25306070655913,77.92780110528216,142.55576627240143,92.39768139447837,18.010167389529283,36.36876728159489
394,7,96.50903455203135,100.70932285125429,114.87067031988616,89.425315335554,13.514971599674709,36.41615106459193
394,14,93.10410991632901,72.89139880809647,112.36044757563094,74.45378815785315,21.060952428222972,37.53575524558475
395,1,97.46557454551596,83.46980584062207,122.15175558639619,73.34339895041826,19.080394031860973,36.94935044662039
395,7,94.30929461384456,92.62025494966245,130.9843441479739,88.00364447282077,11.072512717342999,36.324412905926636
395,14,92.99220592477657,85.752611823455,147.50842399887486,83.80391561135104,13.823125926912532,37.14642199348444
396,1,94.10334227634223,82.36971230038999,130.69114813195935,67.12628220675361,19.060097364879717,36.79952653189602
396,7,95.02895063899784,70.58829032308381,111.37207577222979,98.64439203976869,21.251629715631328,37.050619144574
396,14,95.31305211916958,94.73434105740486,141.46946915589106,78.03016670195039,16.729249657610143,36.55317751116309
397,1,98.38956180406767,72.69298412636896,101.43346062582374,77.91839025429826,19.0201459432163,36.634165306126356
397,7,96.53438195038635,81.18740887093028,127.66730339688147,92.55625103460422,21.210407236449583,37.233884782940805
397,14,93.39379273457719,83.14023655423007,125.18109406336296,85.36691780384218,28.63919299140116,37.069876618299844
398,1,97.78887991850335,67.1179227460128,131.76464777478668,75.34043963612343,14.329657858600795,37.15470904723797
398,7,94.00395039824434,86.78712137229601,133.64414661882955,80.62555756365,17.30077950100911,37.078174277018725
398,14,93.7575826620533,112.11832170463055,125.75653691676358,79.99579997515386,19.29799234448391,36.39640444208352
399,1,96.24876114786457,72.81047079858622,134.29812500480867,91.6525676929025,17.33233313383125,36.62655202997446
399,7,97.59602610979209,65.28694658868483,129.17347181637174,83.263436805247,13.887614826103052,36.628426766935526
399,14,91.55385875492367,90.26986756505272,142.48398198756183,87.32985465717576,24.533087523729687,36.60899495116524
400,1,96.3615587743514,84.03991223774088,134.6077280734086,91.15892870424865,17.48564980013032,36.863527253840445
400,7,94.42313389591727,86.16870401141998,106.99975352032911,77.73601659329123,18.802703645280335,36.99378746359642
400,14,91.22279420698445,83.69707432228343,134.3064346505879,86.90323431894579,13.975941700142348,36.98227621333244
401,1,97.90356545997004,108.81333507622793,123.15966236658996,89.6781772668423,14.090503098586877,37.51189225312464
401,7,92.66243689736933,96.34576749421883,131.24213117456475,67.62361385732443,19.285838180132952,37.299882877913106
401,14,95.17082981467354,81.50745172873413,144.33174797477784,80.56157266050613,25.393004956388868,36.46598090591005
402,1,96.43682432565379,58.23376703682402,118.65613459030773,81.57432497292689,18.60903258658895,37.15462617030654
402,7,91.35083870454547,87.4985325080834,111.78761057166987,67.96336224478549,17.840417136380488,36.14275929092618
402,14,91.64757165401824,87.75347056395354,118.11369558791382,86.67611256002186,17.555840566668298,37.181098111242214
403,1,97.4505744997957,76.74859113584499,127.10404422486762,93.4292610616446,19.67416766687566,36.7972655196825
403,7,96.17177135774676,80.5647616118668,122.61490911165428,80.96793203711825,21.628876693118812,36.97880957739274
403,14,94.32360614870187,58.2864435787081,127.14167721765422,65.04556450760523,25.486422404945934,37.244942698713416
404,1,99.30237051013856,59.214949615127395,130.72956636044202,84.10492965934101,20.594695198045375,36.99951274380191
404,7,95.00226566542875,71.27506349696822,113.26549526775183,73.7961316897301,17.042852526153855,36.715824231738964
404,14,92.71919119854289,80.33998287609309,123.25594658309684,54.902656553914454,18.446831865349523,37.48407489501389
405,1,99.29699767462843,79.35135931070695,109.23449676568013,93.79809107583897,24.58826503341558,36.8310857121584
405,7,96.44680634177783,79.36265220829208,123.86748024125997,77.67268069821242,16.224529393683547,36.42088039485499
405,14,92.59417331925226,93.18841157361229,126.65293292714237,76.17334484695128,19.529251592990615,37.19220025284634
406,1,98.14746373295851,74.95204547566193,130.44769307549188,81.14891794555066,11.634375331568764,36.47728818732959
406,7,91.97737346973744,76.60251962691054,112.63126879906739,82.26383988974719,18.853861758201216,37.357169523987366
406,14,93.82781197114912,60.83065955564732,129.19705745450435,87.19027974219603,16.568871116303946,36.27421013581179
407,1,97.9112503813079,65.07095650565043,126.16835220372052,87.2600186054269,22.03103030202842,37.4355724136058
407,7,94.76157089191408,61.90960541386177,124.2434169583198,80.41922411929905,20.44623145282605,37.22191765369321
407,14,94.22059170513508,63.830683253668866,94.31663675407286,79.62915517776031,28.250663358055785,36.92477816688855
408,1,98.16775879593855,69.34502080302529,133.4407162132217,82.74035623558949,14.625631457076484,36.76609483062838
408,7,91.2630538990989,68.03146449997344,113.32579154109816,85.87065217867192,15.097002195491283,36.88166406564102
408,14,89.51771449776261,89.7244537437409,115.998110959646,86.10670623953806,17.99066674726227,36.700670346432226
409,1,99.45019948433428,73.94448026581327,129.26555663661017,74.38674955435948,16.29973597548533,36.36554668286927
409,7,93.82969276475433,79.88972735716715,137.2979910083003,92.78790618086798,16.46382198620392,37.8131032418379
409,14,93.11343930498613,98.29807027643388,130.20741103837088,79.44764995414941,21.389903361423244,37.136435624737544
410,1,92.56099716505956,73.77462902964747,130.8789315646846,81.49899355429577,16.302849863203097,36.95835628632659
410,7,94.06576102012413,78.92587537397557,120.82270608846248,90.4261131774488,21.212954447202257,37.327191531358565
410,14,93.35000857613326,65.11111034193216,110.96208559671183,89.25962409891812,20.100244124645943,36.996307491664176
411,1,96.97367831373784,74.6614885846716,145.69643745556832,63.355227390896026,20.312954033410627,37.53467126421787
411,7,98.75373217090711,94.62459258013145,107.91337115465764,82.10088005289248,20.236524221985423,36.732760967466824
411,14,93.61713004808051,64.13003979702373,130.5739451057811,68.76546518687763,20.0375417651462,36.39308397351463
412,1,96.11213374060436,67.80125784056375,125.15135707525128,79.52741135683655,14.68849741381857,36.1907599617435
412,7,97.23429293062858,79.04495002619447,124.46950092701233,75.97527533350573,27.06457511280914,37.12356154047355
412,14,94.47900805919762,77.72249399882466,131.44236440661507,78.82770459742297,19.98179482366324,36.30305836965057
413,1,94.77271830164952,77.08863449015118,140.57065996951712,79.19747988694286,16.58269825550709,36.80094881786846
413,7,95.51105154015123,70.70689487046099,121.45271828401647,81.69926449823132,21.65575367461703,36.71092172148422
413,14,98.22842383008039,85.74137661940509,103.51393438324868,84.80231335743665,22.750883775919537,37.20048797631474
414,1,99.29823076784557,73.22352027420344,113.70444120376432,83.40476916186118,17.950544904788565,36.387552709329285
414,7,97.12606329395332,75.22958039338708,136.17000237877104,82.68999277772532,19.69949304212723,36.3971907932622
414,14,94.21996294035283,82.34126368668124,98.09240646494793,70.50617313081844,13.984662577176469,36.96714037603194
415,1,93.06168713891948,67.45982545124903,114.2623738811125,85.65557923686261,13.879468172013517,36.92864646968277
415,7,92.51063628816885,87.46801520982667,128.55559427260482,74.69316096366333,19.47733695743538,37.42820144872158
415,14,88.28222825377603,79.32252977422503,155.25823872043807,75.75204143971807,20.793283550823084,37.281674392815404
416,1,94.2439827353549,72.92576719473624,128.92914817149835,74.40852099934679,10.945071979048691,36.528531677434955
416,7,91.85476754100011,75.4836189114207,126.814743711884,78.39350441966587,19.168597485693947,36.69920789251273
416,14,94.02309758737972,76.08992297227772,147.56517547804575,85.42011503347376,15.786266559032146,36.927394267148486
417,1,96.34746570703867,84.6993933763916,114.2891836162046,85.80294725653756,13.797634257246065,36.82162816839986
417,7,93.364555183252,69.620244561511,120.69540687937581,76.36991115915265,18.265384798623998,36.782325136175984
417,14,92.62507709534118,75.88432043212983,106.97182747575603,80.62829181700846,18.60996952949964,36.29519293207954
418,1,96.95396337747643,71.67198480422472,125.50573111447241,72.40686413269194,20.103651692248178,36.976995980471315
418,7,94.02522825157953,72.46012367106708,124.4792932038768,61.63193126365138,16.18628258009296,37.375902367914335
418,14,94.40094960979846,88.72663223586788,123.11050096817958,69.08202675681393,19.959611705071143,36.808309511907304
419,1,94.78608709558162,74.46357551798882,110.22161491070582,76.27416437074056,13.762418925713545,36.55994546156772
419,7,96.5166834028,75.09687475180995,107.96041557929476,69.29454561674515,21.108206122491502,36.56923098411661
419,14,93.19514378834411,80.04667616343184,114.23905267352961,70.8354068686317,13.182923730292583,36.816894596475336
420,1,94.70027979129108,72.05481984847721,99.0952676777501,82.19055099389678,15.38068672948443,36.95767498956315
420,7,92.8644487784884,85.66268865341846,140.3727917751166,86.61438669521996,16.229906696909794,36.389513982898535
420,14,88.41590082254181,95.69549471760395,134.78340667592266,92.21287327689419,24.584326020479008,37.43615837012479
421,1,95.97807172774309,86.7646631248053,110.86608517827646,94.34537142332766,15.628726922848994,36.49233008436934
421,7,96.75556742218285,73.25452326355065,115.67779252014864,89.5345504989667,18.795657532862194,36.74389688954158
421,14,92.70926103992544,74.95860874462488,117.18016474396043,77.07124318087287,18.714635731068054,37.03137488539562
422,1,95.57079273582357,79.54047268524974,116.84161535435368,66.11472915737775,19.155917480809894,37.0100373521453
422,7,93.19374492753445,79.17356217273918,124.29770885237787,67.1552723181657,16.64760955458601,36.48025611839889
422,14,93.37720512388857,77.3057560035534,130.12287206753484,95.1628605826547,13.517034746355446,36.7153313094215
423,1,97.91613653059834,63.95892622608037,131.99380975309865,80.51699173766795,17.554012443926496,37.14082143399885
423,7,94.98632873349779,74.11935831003646,115.99282064056479,76.73885051258256,19.075364754545863,37.159673626020854
423,14,93.69435081572624,82.72489979728536,154.4841335550426,90.99594864237248,20.281125779848466,36.95982991569155
424,1,93.47945729457123,72.66213430392821,110.37376849970684,75.11098745168056,8.140927440514634,36.9754946488505
424,7,96.35111687063525,68.54755695299731,126.98702911059584,88.40074967338147,21.153157232010265,37.52719545446001
424,14,94.5799205193522,73.37688669066213,136.5708852980252,86.53069478513251,21.39038548197546,36.92787228746527
425,1,98.36180062266982,69.11932494532697,102.77674519414072,88.01305492764638,17.070014871088173,36.73126539020656
425,7,93.5883592550149,70.05505380982356,124.47923910700607,79.63445419765011,20.77016703870276,36.8494720325679
425,14,96.25866320057345,95.25811359936151,133.46112680760126,90.6272825269099,14.946734510434712,36.81663678393976
426,1,90.89951047505048,62.10002065089865,104.55768994068657,80.38301619116643,11.65343228066925,36.80624371971412
426,7,93.01839547149034,105.85888579862366,111.86575588125434,84.72784252637997,25.816603896634174,36.38464780946914
426,14,91.78966920577642,101.78763714778721,155.49591725840375,83.42709230054447,24.17785777109806,36.77510197102262
427,1,90.8770089820082,83.64392224165508,113.89194066458768,65.10787734159918,13.867760129256805,36.92530634493511
427,7,94.81498214812437,75.59421706232322,126.92531641822708,90.6493374023727,16.929024733646937,36.79769816971192
427,14,93.98322399633838,88.33406583412292,149.33737356406422,81.87079813125428,19.210452306668973,36.4516861037282
428,1,95.72002219910334,75.90848591375665,117.98677707141262,76.81706920379891,15.281781075802389,36.981519576340844
428,7,96.29440646963538,75.12143038950622,137.3467032447215,66.67756212037752,14.49592327943702,37.03661772837589
428,14,94.0396000325618,63.633102179017705,103.41131163724263,78.32895484430473,20.973752509590117,36.350176953549635
429,1,96.1037165990811,53.30792702463498,119.04261088255174,83.61636090818162,15.353419369826648,36.71072724245727
429,7,94.70870831368958,77.96457752615939,126.66506923900536,84.08333829039017,24.381923864137846,37.187904660670256
429,14,91.47109840002078,82.12227884039426,111.12395096627816,84.54174244029618,19.02326373809343,37.43087838351812
430,1,95.23336505758957,86.77910726739385,148.53015424372316,92.97136289935023,9.103848632973238,36.75693706649773
430,7,95.13988836331909,71.97652867007393,136.02084899161105,80.14183100847751,20.282182977915635,37.110147898983385
430,14,91.64873985114902,73.4442290681611,142.4583566803668,67.09467339320963,19.697836879231318,36.23129377099137
431,1,95.31621461583799,83.44477556375347,109.90326658279406,74.16315800377535,13.168683271221129,37.045272950500014
431,7,94.07871321186411,60.61994342710522,124.78753185160205,63.79682268957719,18.34159959111573,36.58418423069915
431,14,94.11839713522765,78.6454499679031,122.86799304713217,95.56688145181158,19.5623102858013,36.4531709204763
432,1,97.9770455817813,87.25082574766296,128.512692367959,62.96291228440114,21.2541141000542,36.42745824570926
432,7,93.72940975841824,93.7335312434782,116.89207311305665,83.59853782433747,22.449468411661442,37.408969251072904
432,14,88.8473180738526,109.12590175644286,144.31727735248253,77.32851829830773,19.75416113919182,37.41281372419645
433,1,96.5076772763539,70.24347233358895,125.74386644539005,84.55491856221263,20.485415291028144,37.2136916854449
433,7,92.72873614935504,86.61069925890347,149.52497184951173,56.58113990899016,18.64823670382762,36.896555147662035
433,14,88.37878092189914,99.33405389969226,142.64278833282094,85.38903241687822,25.35966067229258,37.02442575438752
434,1,94.65933443154914,82.45644244680021,115.45664256494796,83.37598132842989,23.938829567594144,37.14674479580008
434,7,97.97908261985377,70.51537311986907,114.86583559457969,79.4592237108404,16.9724987382181,36.9879033303323
434,14,93.12823979375197,70.69954711137252,132.0518265510074,73.49971892685902,24.351902377525267,36.54607273464915
435,1,94.93653368652396,79.12282798797142,124.84154823025771,81.05212745172837,13.393042491269501,36.237746979158324
435,7,95.83402804165905,92.08663411735026,133.617145604184,74.33540328663159,19.17922813518576,37.00543682589428
435,14,91.52830403115081,73.40280823653983,127.86337499989112,64.24982295480234,16.55127987799888,36.60674332555144
436,1,95.19202491835873,62.92589794619166,133.61040254944038,65.87700432742668,22.445881352297835,37.29970065600244
436,7,94.19861049975128,77.49904074274333,127.3383676296159,91.42511463495211,15.047268238785671,35.98103297611498
436,14,92.77920918123009,75.95904470065382,136.33261186915755,85.12575654831252,20.590655468382888,36.84629995891516
437,1,95.18310883723525,87.385491665038,142.01432908879465,100.74346214242463,17.709343532342704,36.253293059987364
437,7,95.82225699379529,57.59125930036795,126.97365777975786,82.62041096453535,23.92281101226827,36.72340365757494
437,14,94.97197861822465,89.64904753731277,98.69652355024192,84.19360037460397,12.116476606352794,36.92242285317775
438,1,94.43411889391422,59.912069665370325,131.8240162536429,84.45125893852159,23.024006412493613,36.1292840197909
438,7,96.3124522679257,67.998383167779,126.59066988649502,80.65783666113227,22.08515892274626,37.45464330117122
438,14,88.69285740927872,107.10515567540826,139.8557643340341,82.68434409790052,22.85781371336434,37.63804919148652
439,1,93.41692772129029,73.54358064533619,123.45977648460651,91.31036314597425,15.519052014395143,36.341833181061226
439,7,94.30879631487285,76.45805543723381,112.66608418782629,82.5632182641878,14.93451118711137,36.94590119404519
439,14,94.07283808934558,87.178059289687,131.92577234845302,85.63419482451206,18.81877032648955,36.40340117407681
440,1,96.23230716838304,82.86006739009943,97.62159034086964,67.68659464605614,16.220800179626806,36.90414482212021
440,7,94.32227935780068,81.09386931294384,117.92302140231496,78.89284154449861,26.671074649034633,36.32316680160597
440,14,93.42886329252157,69.47121322078492,129.0692914384775,71.93699010019836,16.25928475461238,36.71658370120442
441,1,93.90103159907775,86.16631311667163,103.6075550772447,74.69392649477659,15.775883321028095,36.44721476810224
441,7,97.77042430911926,70.43508308582068,135.24571236253237,101.20758601909814,16.747840177704553,36.06046229977472
441,14,95.51872376711118,91.98291398736713,108.30510046184699,94.74729966622266,15.451377446287566,37.05914215007532
442,1,97.20991931895549,94.73920159748867,136.7806118254815,80.3147002467295,17.17528283950275,36.81775750811397
442,7,99.5370556662051,79.77763608369666,121.56006778107398,89.68144370496579,19.956391642584794,37.28679814050018
442,14,94.25980946454061,74.0441715851434,118.84240066632478,69.44750395174799,22.054508209214834,35.94022882958543
443,1,91.9669683155787,85.88261042434331,117.85526148210462,72.7159671787616,24.9981329292717,37.27922466688443
443,7,93.83990433070362,99.33624860417426,128.0700633988284,82.84229733925565,24.325539010888008,37.603020410346595
443,14,87.3951677460036,88.7324418580536,117.64214716957525,85.2882383174318,23.368136295840223,36.94966648458543
444,1,92.36049731693582,68.00954228747149,118.24567130200303,80.95697535715854,19.402924374295917,36.80203213832702
444,7,92.05558020289641,68.05856348023963,144.70612546532678,88.4850512495942,18.7731596893081,37.01478302732951
444,14,94.8960091460813,67.78781739296372,141.49271033927505,80.5892360225022,23.216704546990496,37.24802757482374
445,1,93.37001820325031,71.64007880742791,138.89308686927657,83.45231733815123,16.484856834551113,37.0162045818017
445,7,92.75022330353356,85.90440931456024,121.04412325335426,97.69556698781716,23.63017006218919,36.857822795976766
445,14,90.6885960149781,105.53885561554993,137.82704651598561,76.74267837752224,27.464375510981274,37.05873312270169
446,1,96.9052483412913,63.03560382528925,131.9213594952275,73.38970712590803,17.648222268234292,36.9635952198709
446,7,93.5251105939487,71.15023944505273,105.66512883252105,80.50072587695813,26.380923307063803,36.14736419697297
446,14,94.20038998826014,94.16034101042638,97.13205908999787,76.92385436704768,16.070969101391626,36.400392137431965
447,1,98.01654929403028,74.67221612996599,138.85001556533336,83.34984683130114,16.070432877810322,37.05744360563748
447,7,93.7067931673265,78.42646760803359,106.53079475891246,78.75184441271878,20.554336772389338,36.52716555146584
447,14,93.62708372570867,79.71474853717737,118.05865341100223,81.48493109181996,21.168747766887904,37.11257619634321
448,1,94.2128882612641,62.2073705917998,118.30021402843894,81.09924344070156,15.982210671863744,37.272121555575644
448,7,93.31916592493866,76.61072226979923,96.74238488652813,92.00690323610968,23.13912542204299,36.41512511778242
448,14,90.23302655798825,84.16966175384832,148.16810836397093,69.7715603622901,17.415774887462124,36.66023036442125
449,1,95.51431208162509,93.79517191609412,135.07519457834027,82.2758855976798,13.613869605073495,37.19631154906729
449,7,91.63959816895994,89.76310260756351,139.80327385254108,93.0978207632489,21.701472958989665,37.56560843085901
449,14,87.53706315249264,90.86406742865245,127.48981069189108,77.16216926048949,20.90299512301158,37.11600035141141
450,1,95.4662968622075,84.49340599134244,119.310311301355,92.92542494550872,20.746391490419455,35.94978733339579
450,7,93.18636848405917,73.64817423922183,124.18202529472609,80.08858497789736,16.17870684635485,37.2301465165457
450,14,90.86315656191272,74.85114141892318,107.91983296293519,85.7590237631134,19.33911795115575,37.55735645354029
451,1,96.39482323096206,78.918191043341,116.62707614121642,67.10425363202394,20.376675898285043,37.27760357954342
451,7,95.04431954518684,60.3508141927883,115.99811234037163,89.769302430466,21.656385641499114,36.495134365951984
451,14,93.57060435610738,76.11353111732271,130.35908959768673,84.66902363069916,19.783304407832567,36.77332774655439
452,1,94.45385770167431,70.48503893987018,117.40091825506596,82.11572194745145,14.243396925282019,36.3706255188365
452,7,92.79543702823786,88.65815090149597,118.46806772778004,81.02711782885322,16.972011759861932,36.48091183414898
452,14,93.76068622069559,84.44026951060376,138.53621660320889,72.29769408072595,20.431066813499665,36.90847096512614
453,1,95.09838413734457,63.480172361710494,120.91063325375382,83.76762886257102,16.887014866076246,36.997862595616574
453,7,96.13802208244385,95.81845525575109,113.75240395613203,75.13777567692826,17.878511532438875,36.742081289868146
453,14,94.15041785917674,67.16985089213898,141.75176462269206,86.34071931070238,20.93438165989818,36.99430208247454
454,1,93.68471469366294,72.17220558530663,134.31005661159315,83.13810049157757,21.30564146952139,36.757947809871105
454,7,94.91822930578216,77.50493529512936,111.81167944301151,91.74266807922452,23.774512051893723,36.806371242816965
454,14,91.55230906264791,95.37988807407285,132.93043508581786,83.01262581202796,19.283015291916023,36.22456668571184
455,1,97.45824145685586,79.27852134200846,106.26985776791054,75.70931071408666,11.961880457153775,36.88582237422771
455,7,91.48649594445504,80.62535176642658,133.98858627139322,87.66277445278887,21.88413335907668,36.26749827443792
455,14,94.65087036509256,63.737041892170204,135.00090104789084,84.27310413629382,17.639719504481814,37.06134162843886
456,1,95.91420543742434,74.70252015778868,115.1079898259314,75.48134970355274,10.423999264785962,36.26839744863088
456,7,94.0939659996262,88.4680887288698,136.87806350535814,74.83295869824201,23.529539557452974,36.830674167827006
456,14,94.99093363196278,60.61327301925294,111.25081837445278,75.0996726206064,17.262276757433092,36.77635110564211
457,1,96.81956832244701,69.54521653815935,121.91532705001447,73.73053224480797,22.526834932905924,37.125285746049066
457,7,92.77805854477108,66.8086713310451,138.66404262573664,75.16882619409574,17.209139509345086,36.6398023300492
457,14,93.28594321347242,80.48695303711033,124.01370630962876,74.75792983187088,19.85339431283404,36.7719096559601
458,1,95.16528048979478,84.29024142447892,114.9759722907219,73.9798382052944,17.696213611352306,37.12006220579902
458,7,97.26619825697925,80.16182275313695,133.65892072346048,81.69611974627338,18.091316451969014,37.26245484965303
458,14,93.3345335880707,80.12664460768174,122.6496703499911,74.53746963950232,22.802800208599006,36.61468050111188
459,1,93.78955768307969,65.22510898204467,115.31384839754914,79.62180993032374,8.774117041921402,36.72781382607672
459,7,96.20036750156729,67.11927215389333,129.72753741166318,81.8042328932931,16.11584123442555,36.44405028687331
459,14,92.26556328192413,75.9447649703728,125.62061577183228,74.04873860193338,18.85080058987806,36.82458328354155
460,1,97.01456500445582,90.53508399982829,133.54579814708416,99.83216653221163,17.69007741868222,36.72008470436005
460,7,95.0610058815414,90.73882855816662,113.66538900050494,58.23398758544964,20.05187294447707,36.5634265275009
460,14,95.76868326658506,96.86696124943197,125.87317371906704,98.13500724399199,24.754037079250065,37.281874427211214
461,1,96.03527241390935,74.94344484478763,118.6782632629744,81.5341719548087,16.79173656259629,36.32987300124102
461,7,96.40785215616745,98.28789425058994,93.58548950238693,86.5482973174764,20.64947574733251,36.83690065172681
461,14,93.40287098676714,76.89694371745632,129.64126373447155,87.0440645343908,15.090396978067588,36.441047324004266
462,1,94.44833821808406,58.37544352121328,129.44291425558112,81.54781103572077,18.945995159330487,36.23075756842749
462,7,95.59183814112379,86.77331944430297,138.36115885636994,79.61439861690332,20.125428054005496,37.34967530758108
462,14,93.76508042201229,74.34975244434675,98.60416926148126,78.09698659385845,24.90767939381812,36.04042074388669
463,1,96.48642655248507,93.79145378490664,131.9595199833892,85.10519891381514,19.481254573145158,36.48424931833482
463,7,96.68971355660562,87.99312809280329,108.38491032500843,75.03248875440077,17.608147469709138,36.747992614929245
463,14,92.89267651497399,69.92774828612401,140.9956038594525,90.51172420617527,16.64503658551799,36.66080902473551
464,1,94.85589224982016,68.55402769755824,123.03987486147163,79.51015574380558,20.586312389820826,37.03420014498057
464,7,91.59057515305118,82.63636575453508,143.77808433243706,93.91701880158423,18.853223243949348,36.57347190355513
464,14,88.33572832769909,74.82386099573155,130.13045106378982,93.26660277737302,22.06204347709802,37.03644072793685
465,1,95.66332317740489,72.86083272260251,122.28776937403235,82.30233059085285,14.098911617978166,36.69372357934583
465,7,94.88097802654038,70.07916662807722,115.84898082454102,91.80962989001209,12.07645091208229,37.04502526868521
465,14,92.22180808980814,73.66125941115827,119.42569962580886,84.98601817820244,17.894991557442,36.649527836869034
466,1,93.32249497047476,93.01280720843256,122.52791356386497,77.15477750974662,19.752392344271787,36.765791846941525
466,7,96.40934548016912,71.39171215282869,136.5403381477258,78.68766180920133,19.12653575584249,37.19890999693451
466,14,94.25192666515127,97.63523907975325,133.61622540243965,88.33797897481618,18.96801923229412,36.751406885297264
467,1,98.59833629375271,73.63194868326423,111.57389381424974,77.82014529061105,16.69867460884217,36.90328821329407
467,7,96.99934173746098,65.8114898827718,103.50770534920636,76.53307578779521,12.703473479295365,36.64948205161261
467,14,94.44830939459035,76.77439649846383,137.06534744371893,75.84034492217226,17.33849981572596,36.481693748318854
468,1,95.66486017937062,76.21512115631862,118.06369701367777,77.77871134788727,18.2792756653908,36.90536062389891
468,7,97.78390192814108,75.98841040444968,131.8811331108493,67.2108941658044,17.346710836625615,36.750249341137255
468,14,95.15078002830172,72.98582876570958,126.92682109351534,76.84461941700727,15.04385321558569,36.82125171828514
469,1,93.5479113663833,84.72339377499054,106.13330652788339,89.27851563699012,15.580398760480225,36.849848417937494
469,7,93.39081223968319,95.13605472598897,102.44573735574983,76.70930677762402,21.55629360381429,36.65869715196566
469,14,90.38182697299811,97.14735419066474,147.53969404344113,95.41858050669195,25.958763784241334,37.67426763330485
470,1,97.22248585699059,81.69531530195516,97.38458153306443,99.27973904638819,8.623322675898189,36.86385984025615
470,7,93.91762634610461,89.65915600042416,145.41691367556416,73.45815052831242,18.109711084203468,36.9448530092521
470,14,95.82598851764047,78.80636488445279,145.8662925356632,90.39430959029887,16.977880149515553,36.84504594238822
471,1,96.79722667046616,73.08734452590905,136.97045168228453,73.95436518276831,14.357726852436928,36.68189370766984
471,7,96.81061118781658,78.3197131399603,112.37880093078024,78.80808202189478,19.56667217331139,36.84681694659199
471,14,92.18514252505881,87.21183953606415,113.4857852167994,73.56671337357452,20.47831681893502,36.13465623060788
472,1,97.44289376985465,63.808459815720084,104.10943687154345,88.28021176764196,17.720229285758094,37.29139184843262
472,7,91.21690776887496,90.87120338486899,145.10374113295933,80.90185088295917,22.370470169835983,36.651308699451555
472,14,89.78783264759502,87.97706701959328,141.85569476746787,87.49070428143283,26.64753382191722,37.326810561840304
473,1,95.71129706383289,72.40046415679882,128.91122041877782,71.97999654716438,12.145345119796113,37.16208140044846
473,7,95.98860349362033,80.00895846901737,119.90133100063099,82.78652751431235,17.262852955097067,36.20600463656122
473,14,94.72435218177803,76.23564305949495,127.09900669502626,84.29186764455642,21.028141673155297,37.3390002326816
474,1,94.01563259882569,78.34721976545404,108.90864135234064,78.05083426468771,20.244511984070733,36.634021759491795
474,7,91.37912902033192,75.18831915284123,127.804357002794,87.0777102970078,21.988887392047047,37.38233291962873
474,14,86.43510996528614,86.58640815116081,131.33225001458706,88.20071958368574,23.193795691839078,37.19808039920718
475,1,94.92571611590535,76.64772030431718,137.5908543090904,80.38567218696846,19.55988013259663,36.475046722861045
475,7,95.86436561933589,67.793748434741,92.20894673741022,88.03202675975324,17.327572561766505,36.836919376637134
475,14,94.13560157570204,105.16454146785594,128.20231857941934,86.57652498236813,15.395867425889803,36.560357496284325
476,1,97.24490020424622,78.57220289446363,137.8590115182356,79.0233980103956,21.964454804217613,36.591483242381386
476,7,94.5436416878298,77.92782304316049,116.88486426591675,83.33249007891678,12.519226003353273,36.30734801083218
476,14,94.01653091204966,89.39677212911414,121.59420265908783,88.04722337822365,25.409341077644385,37.0301081884428
477,1,95.80196909721552,72.15194708290522,112.9741282478317,87.57767947106612,15.666242227373903,36.07533831054036
477,7,94.71256450523015,75.60617062828628,124.08867190729244,80.14005861763766,17.879357036808734,36.1145724665968
477,14,93.46146165479654,78.45141480652556,116.25127959847744,87.1220371111699,13.27331252262038,36.87179895786172
478,1,97.02318893007491,80.34758485265536,122.22779038252982,76.4031328895106,20.690081266422776,36.54637204308773
478,7,95.98706895345308,89.64819752464376,117.96518010924152,81.02179169305522,18.95339467390116,36.687899736214824
478,14,96.72479598274283,100.1400448997773,133.9486857929321,96.61807624458487,16.946238132088798,36.84079994856176
479,1,91.80044535655358,66.62821994023145,120.39894985266753,74.60273722060445,14.238295052619044,36.667853766038036
479,7,92.60500028769566,82.91750098315639,122.2236656499411,83.61123795949494,15.55987231275375,36.744354461888996
479,14,96.70712866520289,84.29443258599323,138.56155312038575,91.27499591017084,27.047939017778432,36.39188952666616
480,1,96.75261185707028,80.22740408229868,119.35042834219094,78.29573293011345,14.919699485235972,37.04123514044089
480,7,89.45377511238746,88.21886459111104,105.35037328796147,78.24702811439784,19.68708427922311,36.78797278889305
480,14,88.50189631984891,82.69802373067924,123.51370582753928,81.83137586445349,22.261452469057872,37.75255096004441
481,1,96.08959595767774,70.26441793933603,124.83317345295548,71.01674705868533,14.345754508647358,36.468795708759124
481,7,96.94525247193472,62.92295442369112,109.91929768052927,92.74565510358738,14.445660506542632,36.642511928132336
481,14,97.01130628141856,90.2217798493595,108.07643247417289,77.88246981468717,21.119634133771843,37.064641512171164
482,1,93.20059848840317,62.534565724809056,133.1902459627055,67.1489991815879,19.96081572120791,36.64635737440914
482,7,90.68481237109602,76.73645548941765,132.26052367076565,83.47306799901449,24.959064642130656,37.21020347363931
482,14,88.13308904238531,96.14252149938727,138.78274078230726,83.96574377029694,32.177216004936696,37.505504049781536
483,1,96.323984955964,66.36502352499429,147.14358573026155,82.23809510399778,18.413490353280782,36.80390739370963
483,7,95.71798636058095,72.68639204626623,149.64031956691136,79.79785220741441,16.279137093521772,36.876254201389216
483,14,93.5186296434249,88.77058627580044,133.57552245921414,75.337636270848,19.393629562949844,36.66844205127744
484,1,95.46600636543927,75.92508114470131,129.64660625586893,87.62414577183829,22.330688111264347,37.79307171266729
484,7,91.83368728861605,74.66650345141524,133.08406274310397,90.42614313809764,20.987290915743166,37.657710800652175
484,14,89.05765881510477,98.31516613907462,116.33506398053298,94.53266387104418,23.590042347097732,37.53560394188818
485,1,93.24476568722112,66.87342593793201,112.18263239764889,85.38201757855516,19.333265954053623,36.47559954279275
485,7,93.2596591635961,101.14429521804715,124.3776655938074,70.7218012424938,22.47566765343562,37.22999985030206
485,14,89.68091271097093,90.91888947460652,129.7569723610089,98.20366249362588,24.04268854498857,37.08497264297758
486,1,96.87977672622891,76.59911930929938,134.51035466575783,92.61448069199069,23.849188577020055,36.44848583996049
486,7,96.68682120133579,69.82808997439888,129.08446661251944,74.28935637236775,18.594925925114797,36.617422779242936
486,14,97.27393377862352,90.78122229523272,128.69031447479517,83.43715520211846,15.293973757180733,36.94096635002037
487,1,94.76653418651267,71.9723647577784,135.39108578625152,77.79083679615823,19.2666098290949,36.86832366372586
487,7,92.9008197548925,86.90713985556359,97.76324631560165,90.66895325159707,17.50715265612678,37.522312989142655
487,14,93.02449430358988,101.15259762535185,126.92018381003848,81.40917285722418,15.498442405463143,36.773109405562344
488,1,95.10493820023572,76.66536894184438,116.29812349368825,83.00294522072521,17.029412556125443,37.1222377670733
488,7,94.91821932840266,74.57943547847577,138.47305399174243,76.88609660227664,14.509069652139832,36.79608199096652
488,14,95.40187214171128,75.56222623690847,111.77048347060368,74.71255046256879,21.607660328716243,36.941317482426385
489,1,95.7204688631722,86.12323815895925,131.12607979658142,69.23925415148263,15.69306823129605,36.068305626706504
489,7,93.74374058668823,81.13303126096957,134.0301300182682,84.95390827974526,21.693288678378924,36.69232833381735
489,14,93.57301009064801,65.60252665451736,124.47511519061788,79.49470601436528,18.331121282373843,36.985651762893035
490,1,97.43800948117969,89.29575501426669,111.72972092202492,95.39441636371858,16.25293075875626,36.915836370545954
490,7,94.50289033089405,78.03494765790742,133.48286399275315,79.97796723388363,20.419058476092985,36.91720915010608
490,14,95.64551292033855,83.16912154922329,107.55640351964584,87.59301746735802,22.05122273021789,36.30794841826601
491,1,96.10742519626062,78.0791950591897,131.8728848980674,76.32436572467007,18.392861727809926,37.37215148951582
491,7,95.02009907087587,87.779441349101,134.9921909355208,68.41202419768638,16.175759457114413,36.815031598081745
491,14,93.25187590722078,80.3724456455595,129.23459152524407,90.49997132901093,15.851359397148013,36.771733737687086
492,1,96.24169024820934,93.52392530892946,105.34859571875984,82.33302061560829,13.369467863332574,36.73323193928824
492,7,92.86396197644137,77.29264536062556,119.63683255452827,95.10049179388342,17.05815311953251,37.179373132069024
492,14,97.03090728801999,60.52995022724401,123.68344350625233,83.94792018433839,24.460005843960744,36.686972982396604
493,1,96.11675364592983,82.40087562243872,123.19374955068942,77.47311848332684,15.64080384882591,36.304371794659396
493,7,94.67051661661372,65.55749438013989,132.62125447114298,72.91548383868466,24.425020391174744,37.031481531039965
493,14,95.54364802779949,69.3303940267731,152.80757721776178,72.93355320076171,17.88016788846182,36.32229423971485
494,1,94.41269364143828,81.80729003423818,119.28629378517725,84.88838156235614,10.636450705333923,36.50907855898618
494,7,97.83492868523308,65.59307200198383,134.3130814123839,90.96220990643603,21.919029110815444,37.07085989587752
494,14,97.96967154835369,90.38191504405361,133.1668283216634,70.69400049614458,20.04449114650136,36.178001862907955
495,1,96.73267954086158,83.82229436952116,110.07928018614993,92.06765095781053,9.698207563694623,36.80863640006329
495,7,96.85173768432236,77.90253380506226,114.27377698855285,74.50208881506576,15.576435262653536,36.38293399202354
495,14,96.42059992968164,77.39094974152722,113.64664245156337,85.25097262158614,21.36322001753036,36.486348474210125
496,1,95.580547122458,80.51301927954381,127.57651016735176,86.95443808966505,18.11584614731885,36.12731632593273
496,7,94.0855174523209,88.18768795344036,145.22017299392363,76.5259491999558,23.628632188878424,36.89193732590857
496,14,95.3893355913828,98.65898995577055,136.9159725738457,86.7673848558119,19.118944877277727,36.781831023253325
497,1,97.57168436271725,87.06286097186948,133.46921598064708,86.86266637308736,17.171443122627664,36.747663248522606
497,7,94.9589682604223,67.02670488161702,102.10195418061839,94.64644093463184,17.50292653678987,37.020654166997005
497,14,95.84010314212978,81.41403180316227,115.14382429734226,84.98227106477353,27.569509110641533,36.64061937628139
498,1,93.6666863546704,76.75291107506368,100.92816926531187,75.10843582433715,18.41420681697645,36.46640559123889
498,7,91.40295736851972,84.09142296672172,126.02705666511054,88.14661519129211,22.022765474806686,36.85721335862407
498,14,89.61745088039646,96.98875418791464,126.27779609077176,82.473948544465,24.154988769399992,37.790160356320776
499,1,97.47901186336227,69.02600262850969,145.26937557946457,85.90109082417729,19.238796967530313,36.40834439138908
499,7,97.48932046281773,80.76635672304293,125.39674973956822,87.55917149056212,20.328375683003575,36.74328505615751
499,14,91.54520095574787,81.48679836099866,118.21053644206593,81.43991554193286,25.208455257292453,37.344546599526176
